Razao_Social;UF;Total_Despesas;Media_Trimestral;Desvio_Padrao;Qtd_Registros
BRADESCO SAÃDE S.A.;RJ;109325152802.32;1138804000.00;3434358847,90;96
SUL AMERICA COMPANHIA DE SEGURO SAÃDE;RJ;99889942338.97;598143400.00;1864766059,58;167
AMIL ASSISTÃNCIA MÃDICA INTERNACIONAL S.A.;SP;62242891441.82;370493400.00;1632374386,65;168
NOTRE DAME INTERMÃDICA SAÃDE S.A.;SP;27503623563.96;269643400.00;946059608,47;102
HAPVIDA ASSISTENCIA MEDICA S.A.;CE;25922332075.90;216019400.00;879450271,73;120
GEAP AUTOGESTÃO EM SAÃDE;DF;21579566588.10;207495800.00;451442061,36;104
CAIXA DE ASSISTÃNCIA DOS FUNCIONÃRIOS DO BANCO DO BRASIL;DF;20373766043.57;339562800.00;933364495,27;60
UNIMED NACIONAL - COOPERATIVA CENTRAL;SP;19513477576.95;282804000.00;759756614,50;69
PORTO SEGURO - SEGURO SAÃDE S/A;SP;18118647233.98;153547900.00;497355281,39;118
UNIMED DO EST. DO RJ FEDERAÃÃO EST. DAS COOPERATIVAS MÃDICAS;RJ;13641144130.73;284190500.00;620326404,08;48
UNIMED BELO HORIZONTE COOPERATIVA DE TRABALHO MÃDICO;MG;13311457873.47;190163700.00;607914272,72;70
UNIMED SEGUROS SAÃDE S/A;SP;12697287659.66;138014000.00;509948395,68;92
PREVENT SENIOR PRIVATE OPERADORA DE SAÃDE LTDA;SP;10083340130.68;265351100.00;854319833,40;38
UNIMED PORTO ALEGRE - COOPERATIVA MÃDICA LTDA.;RS;8370906907.03;99653650.00;369114418,92;84
UNIMED CURITIBA - SOCIEDADE COOPERATIVA DE MÃDICOS;PR;8009900020.35;102691000.00;333171297,79;78
UNIMED GOIANIA COOPERATIVA DE TRABALHO MÃDICO;GO;6595432221.31;90348390.00;262741126,79;73
UNIMED CAMPINAS - COOPERATIVA DE TRABALHO MÃDICO;SP;6538403454.51;61106570.00;281165857,01;107
SERV  SOCIAL AUTÃNOMO DE ASSIST Ã SAÃDE DOS SERV PÃBLICOS E MILITARES DE GOIÃS;GO;6403596065.47;114349900.00;269594981,65;56
GRUPO HOSPITALAR DO RIO DE JANEIRO LTDA;RJ;5630313864.59;93838560.00;249029553,35;60
FUNDAÃÃO SAÃDE ITAÃ;MG;5575493733.29;126715800.00;308896267,69;44
UNIMED DE FORTALEZA SOCIEDADE COOPERATIVA MÃDICA LTDA.;CE;5432584402.02;50301710.00;235047135,84;108
OMINT SERVIÃOS DE SAÃDE S.A.;SP;5322929219.32;80650440.00;273408057,65;66
CARE PLUS MEDICINA ASSISTENCIAL LTDA.;SP;4819835937.49;120495900.00;285349791,66;40
UNIMED VITORIA COOPERATIVA DE TRABALHO MEDICO;ES;4522373359.11;47108060.00;180496036,09;96
SAMEDIL SERVIÃOS DE ATENDIMENTO MÃDICO S/A;ES;3854372946.55;96359320.00;209774024,95;40
FUNDAÃÃO CESP;SP;3801775968.37;77587260.00;207722389,11;49
FUNDAÃÃO ASSISTENCIAL DOS SERVIDORES DO MINISTÃRIO DA FAZENDA;DF;3657273386.33;74638230.00;182843794,55;49
UNIMED BELÃM COOPERATIVA DE TRABALHO MÃDICO;PA;3563283205.08;50187090.00;166299363,82;71
UNIMED RECIFE COOPERATIVA DE TRABALHO MÃDICO;PE;3468656619.49;65446350.00;182991930,35;53
UNIMED CUIABA COOPERATIVA DE TRABALHO MÃDICO;MT;3406900926.91;27698380.00;110633326,91;123
UNIMED GRANDE FLORIANÃPOLIS-COOPERATIVA DE TRABALHO MEDICO;SC;3137546867.29;36483100.00;123236143,21;86
NOTRE DAME INTERMÃDICA MINAS GERAIS SAÃDE S.A.;CE;3028652579.84;43893520.00;104169825,38;69
UNIMED DO ESTADO DE SÃO PAULO - FEDERAÃÃO ESTADUAL DAS COOP. MÃDICAS;SP;3011472627.95;40152970.00;134823491,30;75
UNIMED SAO JOSÃ DO RIO PRETO - COOP. DE TRABALHO MÃDICO;SP;2972719597.40;42467420.00;139517878,18;70
UNIMED NATAL SOC. COOP. DE TRAB. MÃDICO;RN;2964907336.46;41179270.00;122151119,62;72
ODONTOPREV S/A;SP;2811993109.22;78110920.00;141205000,09;36
UNIMED-SÃO GONÃALO - NITERÃI - SOC.COOP.SERV.MED E HOSP LTDA;RJ;2723605469.18;53404030.00;122567900,19;51
SUL AMÃRICA PARANÃ CLÃNICAS SERVIÃOS DE SAÃDE S.A.;SP;2436053136.38;22145940.00;118911805,57;110
BRADESCO SAÃDE - OPERADORA DE PLANOS  S/A;SP;2339730526.79;111415700.00;263546338,49;21
POSTAL SAÃDE CAIXA DE ASSISTÃNCIA E SAÃDE DOS EMPREGADOS DOS CORREIOS;DF;2274274006.97;54149380.00;149181699,94;42
HUMANA SAÃDE NORDESTE LTDA.;PI;2257309842.04;23033770.00;94048372,21;98
UNIMED MACEIO COOPERATIVA DE TRABALHO MÃDICO;AL;2226446220.29;34253020.00;116311329,78;65
UNIMED DE LONDRINA COOPERATIVA DE TRABALHO MÃDICO;PR;2198883387.90;30970190.00;110467684,60;71
UNIMED CAMPO GRANDE MS COOPERATIVA DE TRABALHO MÃDICO;MS;2123505486.18;24130740.00;82618350,81;88
CAIXA BENEFICENTE DOS FUNCIONARIOS DO BANCO DO ESTADO DE SÃO PAULO;SP;2085341430.58;26066770.00;120021212,72;80
UNIMED SERRA GAUCHA/RS COOPERATIVA DE ASSISTENCIA A SAUDE LTDA;RS;2070842859.54;31376410.00;116525376,90;66
CAIXA DE ASSISTENCIA DOS SERVIDORES DO ESTADO DE MATO GROSSO DO SUL;MS;2038921535.06;45309370.00;122196101,83;45
UNIMED JOAO PESSOA - COOPERATIVA DE TRABALHO MÃDICO;PB;2037950988.95;39959820.00;128732150,05;51
CLINIPAM CLINICA PARANAENSE DE ASSISTENCIA MEDICA LTDA;CE;1934413315.97;33351950.00;88284502,13;58
UNIMED SOROCABA COOPERATIVA DE TRABALHO MÃDICO;SP;1930164193.70;32169400.00;132912047,11;60
UNIMED DIVINOPOLIS - COOPERATIVA DE TRABALHO MEDICO LTDA;MG;1916724908.11;18082310.00;51861970,27;106
UNIMED DE SANTOS COOP DE TRAB MEDICO;SP;1889672865.66;26245460.00;92473236,19;72
SAMP ESPIRITO SANTO ASSISTENCIA MEDICA SA;ES;1852919977.39;20588000.00;73893221,50;90
UNIMED REGIONAL MARINGÃ COOP.DE TRABALHO MÃDICO;PR;1821690921.24;20468440.00;78561553,50;89
UNIMED UBERLÃNDIA COOPERATIVA REGIONAL TRABALHO MÃDICO LTDA;MG;1779839312.37;22529610.00;74358069,92;79
FUNDAÃÃO SÃO FRANCISCO XAVIER;MG;1749424708.12;14108260.00;56528420,49;124
SANTA HELENA ASSISTÃNCIA MÃDICA S/A.;SP;1741013440.84;32849310.00;110677009,44;53
UNIMED DE RIBEIRAO PRETO - COOPERATIVA DE TRABALHO MÃDICO;SP;1679611606.13;27090510.00;92682622,62;62
UNIMED BLUMENAU - COOPERATIVA DE TRABALHO MEDICO;SC;1627620802.32;29064660.00;86026172,40;56
CEMIG SAÃDE;MG;1611620743.77;24418500.00;65456331,24;66
UNIMED DO ESTADO DE SANTA CATARINA FED. EST. DAS COOP. MÃD.;SC;1543288435.90;17340320.00;59731338,14;89
UNIMED DO ESTADO DO PARANÃ FEDERAÃÃO ESTADUAL DAS COOPERATIVAS MÃDICAS;PR;1522552903.74;8274744.00;45103028,53;184
PASA - PLANO DE ASSISTENCIA A SAUDE DO APOSENTADO DA VALE;RJ;1507319743.43;16207740.00;50890184,00;93
CENTRO TRASMONTANO DE SAO PAULO;SP;1506474503.16;25107910.00;94099316,15;60
ASSOCIAÃÃO DE BENEFICÃNCIA E FILANTROPIA SÃO CRISTOVÃO;SP;1380253192.20;20003670.00;75871326,49;69
UNIMED SAO JOSE DOS CAMPOS - COOPERATIVA DE TRABALHO MEDICO;SP;1368080276.67;14400850.00;62074445,48;95
UNIMED TERESINA - COOPERATIVA DE TRABALHO MÃDICO;PI;1333746010.21;23399050.00;66839757,73;57
SINDIFISCO NACIONAL - SINDICATO NACIONAL DOS AUDITORES-FISCAIS DA RECEITA FEDERAL DO BRASIL;DF;1331143531.21;18488100.00;60470572,38;72
UNIMED DE CASCAVEL COOPERATIVA DE TRABALHO MÃDICO;PR;1319432029.86;15896770.00;51515051,92;83
UNIMED - COOPERATIVA DE SERVIÃOS DE SAÃDE DOS VALES DO TAQUARI E RIO PARDO LTDA.;RS;1301975265.90;17359670.00;61850973,25;75
UNIMED SERGIPE - COOPERATIVA DE TRABALHO MÃDICO;SE;1261104441.27;11897210.00;49537559,87;106
UNIMED DE BAURU COOPERATIVA DE TRABALHO MÃDICO;SP;1251242869.02;8511856.00;39883251,35;147
UNIMED DE JOINVILLE COOPERATIVA DE TRABALHO MÃDICO;SC;1203561499.25;28656230.00;81182451,23;42
ITAUSEG SAÃDE S.A.;SP;1196776700.48;35199310.00;60011738,23;34
INSTITUTO CURITIBA DE SAÃDE;PR;1195204217.54;17074350.00;46682122,11;70
CAIXA DE ASSISTÃNCIA DOS FUNCIONÃRIOS DO BANCO DO NORDESTE DO BRASIL;CE;1192271132.12;15484040.00;43506489,12;77
HUMANA SAÃDE LTDA.;PR;1183856667.67;12204710.00;35452234,51;97
UNIMED LITORAL COOPERATIVA DE TRABALHO MÃDICO LTDA;SC;1172745636.57;20219750.00;62520318,94;58
UNIMED DE PIRACICABA SOCIEDADE COOPERATIVA DE SERVIÃOS MÃDICOS;SP;1168399501.76;11454900.00;57700488,55;102
UNIMED DE MANAUS COOP. DO TRABALHO MÃDICO LTDA;AM;1160898067.58;22762710.00;32846781,66;51
ALICE OPERADORA LTDA.;SP;1149757841.54;24994740.00;55487818,16;46
CENTRO CLÃNICO GAÃCHO LTDA;CE;1137866007.52;16255230.00;45164196,27;70
UNIMED JUIZ DE FORA COOPERATIVA DE TRABALHO MÃDICO LTDA;MG;1121859801.35;18697660.00;62672837,96;60
METRUS INSTITUTO DE SEGURIDADE SOCIAL;SP;1067149766.67;10671500.00;31630382,70;100
UNIMED DE PRESIDENTE PRUDENTE COOPERATIVA DE TRAB. MÃDICO;SP;1055933756.19;14872310.00;50795366,83;71
ASSOCIAÃÃO PETROBRAS DE SAÃDE - APS;RJ;1023964527.57;46543840.00;73211744,04;22
UNIMED NOVA IGUACU COOPERATIVA DE TRABALHO MEDICO;RJ;1023358722.09;18951090.00;45432246,80;54
UNIMED NORTE DO MATO GROSSO COOPERATIVA DE TRABALHO MÃDICO;MT;1011887002.14;21080980.00;53679442,46;48
UNIMED SÃO CARLOS - COOPERATIVA DE TRABALHO MÃDICO;SP;953287964.18;12066940.00;52596481,90;79
UNIMED DE MACAÃ COOPERATIVA DE ASSISTÃNCIA Ã SAÃDE;RJ;943712248.76;9074156.00;38880314,50;104
PLANO HOSPITAL SAMARITANO LTDA;SP;936529214.50;18363320.00;60313185,60;51
ASSOCIAÃÃO SANTA CASA SAÃDE DE SÃO JOSÃ DOS CAMPOS;SP;928732734.35;14071710.00;54782982,36;66
H.B. SAÃDE S/A.;SP;896722222.29;11798980.00;32701876,72;76
UNIMED DE MARILIA COOPERATIVA DE TRABALHO MÃDICO;SP;895608455.39;5395232.00;25047398,17;166
UNIMED JUNDIAI - COOPERATIVA DE TRABALHO MÃDICO;SP;888627340.34;13671190.00;51419708,85;65
UNIMED NOVA FRIBURGO-SOC.COOP.SERV.MED.HOSP.LTDA.;RJ;870016376.80;13182070.00;44982252,05;66
LEVE SAUDE OPERADORA DE PLANOS DE SAUDE S.A;RJ;869657760.94;12248700.00;40858240,83;71
UNIMED UBERABA COOPERATIVA DE TRABALHO MEDICO LTDA.;MG;868388821.56;14235880.00;43940176,48;61
UNIMED CARUARU-COOPERATIVA DE TRABALHO MEDICO;PE;864317222.48;11839960.00;46934564,24;73
UNIMED PONTA GROSSA COOPERATIVA DE TRABALHO MEDICO;PR;862155671.77;11974380.00;35874672,98;72
UNIMED SUL CAPIXABA COOPERATIVA DE TRABALHO MÃDICO;ES;835905583.30;16075110.00;51277878,24;52
UNIMED DE VOLTA REDONDA COOPERATIVA DE TRABALHO MÃDICO;RJ;831721072.46;14591600.00;50798904,48;57
FUNDAÃÃO COPEL DE PREVIDÃNCIA E ASSISTÃNCIA SOCIAL;PR;829006610.19;9639612.00;34054709,62;86
QUALLITY PRÃ SAÃDE PLANO DE ASSISTÃNCIA MÃDICA LTDA.;DF;819186546.79;11221730.00;38450218,52;73
ASSOCIAÃÃO ASSISTENCIAL DE SAÃDE SUPLEMENTAR CRUZ AZUL SAÃDE;SP;817259782.31;24765450.00;33885768,62;33
CAIXA DE PREVIDÃNCIA E ASSISTÃNCIA DOS SERVIDORES DA FUNDAÃÃO NACIONAL DE SAÃDE - CAPESESP;RJ;810038514.74;13065140.00;36350158,48;62
COOPERATIVA CENTRAL UNIMED DE COOPERATIVAS DE ASSISTÃNCIA Ã SAÃDE DO RIO GRANDE DO SUL LTDA.;RS;789419289.73;7894193.00;27878747,91;100
UNIMED VALE DO SINOS - COOPERATIVA DE ASSISTÃNCIA Ã SAÃDE LTDA;RS;770653546.24;11502290.00;47725042,16;67
DOCTOR CLIN OPERADORA DE PLANOS DE SAÃDE LTDA.;RS;766140894.03;12559690.00;38937031,64;61
SOBAM CENTRO MÃDICO HOSPITALAR S.A.;SP;762022878.92;12290690.00;44425511,00;62
UNIMED CAMPINA GRANDE - COOPERATIVA DE TRABALHO MEDICO LTDA;PB;755874524.04;12811430.00;37887363,77;59
UNIMED DE SANTA BÃRBARA D'OESTE E AMERICANA - COOP DE TRABALHO MÃDICO;SP;741785759.80;8830783.00;37124433,10;84
UNIMED PORTO VELHO - SOCIEDADE COOPERATIVA MÃDICA LTDA;RO;737793340.07;8289813.00;27956917,08;89
REAL GRANDEZA - FUNDAÃÃO DE PREVIDÃNCIA E ASSISTÃNCIA SOCIAL;RJ;734955300.54;8351765.00;31264201,57;88
COOPERATIVA DE TRABALHO MÃDICO DE POUSO ALEGRE;MG;734844405.10;11852330.00;33452292,70;62
FUNDAÃÃO CHESF DE ASSISTÃNCIA E SEGURIDADE SOCIAL;PE;734697290.67;16326610.00;45095426,45;45
UNIMED VALE DO SÃO FRANCISCO COOPERATIVA DE TRABALHO MÃDICO;PE;731486294.62;11798170.00;43956278,01;62
UNIMED GOVERNADOR VALADARES COOP. DE TRABALHO MÃDICO LTDA.;MG;730353843.88;10143800.00;31919774,19;72
BENSAUDE PLANO DE ASSISTENCIA MEDICA HOSPITALAR LTDA.;SP;721864387.93;11642970.00;35347440,73;62
KLINI PLANOS DE SAÃDE LTDA;RJ;711346167.06;11114780.00;31904561,83;64
UNIMED FRANCA - SOCIEDADE COOPERATIVA DE SERVIÃOS MÃDICOS E HOSPITALARES;SP;710191258.06;6398119.00;30540975,10;111
CAIXA DE ASSISTÃNCIA DOS EMPREGADOS DO BANCO DO ESTADO DO RIO GRANDE DO SUL;RS;709697979.89;7631161.00;25902080,97;93
UNIMED REGIONAL DA BAIXA MOGIANA - COOPERATIVA DE TRABALHO MÃDICO;SP;709088367.06;7235596.00;32851873,38;98
UNIMED DE ARARAQUARA - COOP. DE TRAB. MÃDICO;SP;705336189.40;12595290.00;41364010,39;56
SAMEL PLANO DE SAÃDE LTDA;AM;695322579.79;14190260.00;49777756,48;49
UNIMED DE CRICIÃMA COOPERATIVA DE TRABALHO MÃDICO DA REGIÃO CARBONÃFERA;SC;694408168.10;7630859.00;29986856,26;91
UNIMED SALTO/ITU - COOPERATIVA MÃDICA;SP;673364762.24;11412960.00;32730742,44;59
UNIMED PATOS DE MINAS COOPERATIVA TRABALHO MÃDICO LTDA.;MG;667596450.64;6812209.00;22575436,03;98
CAIXA DE ASSISTÃNCIA Ã SAÃDE - CABERJ;RJ;651954235.03;10865900.00;29723935,92;60
UNIMED SANTA MARIA/RS - COOPERATIVA DE ASSISTÃNCIA Ã SAÃDE LTDA;RS;636545756.37;11366890.00;33346680,56;56
ASSOCIAÃÃO SANTA SAÃDE;SP;624008836.61;10064660.00;37100221,31;62
PLANO DE SAÃDE ANA COSTA LTDA.;SP;621392600.50;7966572.00;29248386,38;78
AMPLA PLANOS DE SAUDE LTDA;RJ;621214738.58;22186240.00;39311464,03;28
UNIMED VALE DO SEPOTUBA - COOPERATIVA DE TRABALHO MÃDICO;MT;617907577.19;7102386.00;21284784,99;87
UNIMED RONDONOPOLIS COOPERATIVA DE TRABALHO MÃDICO LTDA;MT;610335605.76;5449425.00;21875233,12;112
ASSOCIAÃÃO DE SAÃDE PORTUGUESA DE BENEFICÃNCIA;SP;606149164.99;11224980.00;41568972,26;54
ASSOCIACAO DOS AUDITORES FISCAIS DA RECEITA ESTADUAL DE SAO PAULO;SP;606022972.03;23308580.00;58150013,93;26
MEDISERVICE OPERADORA DE PLANOS DE SAÃDE S.A.;SP;593145004.28;21183750.00;59510500,31;28
ABERTTA SAÃDE - ASSOCIAÃÃO BENEFICENTE DOS EMPREGADOS DA ARCELORMITTAL NO BRASIL;MG;587363098.72;7162965.00;19995953,57;82
UNIMED DE CAMPOS COOPERATIVA DE TRABALHO MÃDICO;RJ;585873404.01;6438169.00;24659009,48;91
ALVORECER - ASSOCIAÃÃO DE SOCORROS MÃTUOS;SP;577124477.41;14798060.00;44054002,71;39
UNIMED CENTRO RONDÃNIA COOPERATIVA DE TRABALHO MÃDICO;RO;575486165.70;8589346.00;23999021,92;67
UNIMED CHAPECÃ - COOPERATIVA DE TRABALHO MÃDICO DA REGIÃO OESTE CATARINENSE;SC;574274874.72;7656998.00;25149148,08;75
UNIMED DO CEARÃ - FEDERAÃÃO DAS SOCIEDADES COOPERATIVAS MÃDICAS DO ESTADO DO CEARÃ LTDA.;CE;569921154.39;11873360.00;41577376,06;48
UNIMED DO SUDOESTE COOPERATIVA DE TRABALHO MEDICO LTDA;BA;562442678.55;8652964.00;27252045,19;65
FUNDAÃÃO CELESC DE SEGURIDADE SOCIAL - CELOS;SC;559891633.79;8233700.00;25514137,34;68
PROASA SAÃDE;DF;556970741.96;8438951.00;23783337,95;66
CAIXA DE ASSISTÃNCIA DOS EMPREGADOS DA EMPRESA BRASILEIRA DE PESQUISA  AGROPECUÃRIA;DF;548936820.54;9464428.00;24787646,11;58
ASSOCIAÃÃO EVANGELICA BENEFICENTE DE LONDRINA;PR;543695153.72;8237805.00;21900377,61;66
UNIMED RIO VERDE COOPERATIVA TRABALHO MEDICO;GO;543049201.53;6622551.00;21750608,76;82
CIRCULO OPERARIO CAXIENSE;RS;540404314.85;9480777.00;32405841,75;57
BIOVIDA SAÃDE LTDA.;SP;537474875.79;28288150.00;49601994,96;19
NOSSA SAÃDE - OPERADORA PLANOS PRIVADOS DE ASSISTÃNCIA  Ã SAÃDE LTDA.;PR;537427377.11;7262532.00;24817409,49;74
AUSTACLINICAS ASSISTÃNCIA MÃDICA E HOSPITALAR LTDA;SP;535172552.47;9227113.00;30152327,40;58
UNIMED MONTES CLAROS COOPERATIVA DE  TRABALHO MÃDICO LTDA.;MG;532958776.22;11103310.00;18503743,87;48
PROMÃDICA - PROTEÃÃO MEDICA A EMPRESAS S.A.;BA;532680084.70;10871020.00;37523602,35;49
S.P.A SAUDE- SISTEMA DE PROMOÃÃO ASSISTENCIAL;SP;518535609.88;7515009.00;22563265,41;69
ASSOCIAÃÃO DE ASSISTÃNCIA Ã SAÃDE DOS EMPREGADOS DA COPASA;MG;515959576.21;3968920.00;12905048,56;130
INTEGRA ASSISTENCIA MEDICA SA;SP;510199209.28;28344400.00;43944324,65;18
UNIMED ANHANGUERA COOPERATIVA DE TRABALHO MÃDICO;SP;507732311.69;5641470.00;25916946,70;90
UNIMED DE GUARULHOS COOPERATIVA DE TRABALHO MÃDICO;SP;505749961.51;9195454.00;30085733,61;55
PLENA SAÃDE S.A.;SP;494552730.65;8526771.00;26258338,88;58
UNIMED AMPARO COOPERATIVA DE TRABALHO MÃDICO;SP;492138987.38;9285641.00;28039205,68;53
UNIMED DE DOURADOS COOPERATIVA DE TRABALHO MÃDICO LTDA;MS;488803382.74;7295573.00;20185038,11;67
FUNDAÃÃO SANEPAR DE ASSISTÃNCIA SOCIAL;PR;485626943.54;6652424.00;19552190,13;73
SERVIÃO SOCIAL DA INDÃSTRIA DO PAPEL, PAPELÃO E CORTIÃA DO ESTADO DE SÃO PAULO - SEPACO;SP;485500703.87;28558860.00;61302836,69;17
LIFE EMPRESARIAL SAÃDE LTDA.;SP;474317437.62;5928968.00;19082814,07;80
2CARE OPERADORA DE SAÃDE LTDA.;SP;473587637.05;10524170.00;34332995,02;45
GAMA SAUDE LTDA.;SP;472894816.18;59111850.00;78405674,53;8
UNIÃO MÃDICA PLANOS DE SAÃDE S/A;BA;467836754.06;8663644.00;23989277,35;54
UNIMED RIO BRANCO COOPERATIVA DE TRABALHO MEDICO LTDA;AC;466467404.31;6760397.00;21665291,61;69
UNIMED DE BEBEDOURO COOPERATIVA DE TRABALHO MÃDICO;SP;464743787.67;6115050.00;23757601,20;76
UNIMED PATO BRANCO SOCIEDADE COOPERATIVA DE MÃDICOS;PR;452749774.01;4573230.00;16959887,60;99
UNIMED LESTE PAULISTA COOPERATIVA DE TRABALHO MÃDICO;SP;448349913.06;6897691.00;26889323,53;65
SANTA CASA DE MISERICÃRDIA DE JUIZ DE FORA;MG;447619346.47;7586769.00;19695085,66;59
CAIXA DE ASSISTÃNCIA OSWALDO CRUZ;RJ;447096117.77;7708554.00;21644417,38;58
UNIMED DE BOTUCATU COOPERATIVA DE TRABALHO MÃDICO;SP;446771872.44;7572405.00;28760150,46;59
UNIMED DE TUBARAO - COOPERATIVA DE TRABALHO MEDICO DA REGIAO DA AMUREL;SC;445008274.83;4785035.00;16937664,11;93
ASSOCIAÃÃO DR. BARTHOLOMEU TACCHINI;RS;440828797.67;8816576.00;31126095,96;50
UNIMED ANÃPOLIS COOPERATIVA DE TRABALHO MÃDICO.;GO;440777063.30;6296815.00;15513038,24;70
LIV LINHAS INTELIGENTES DE ATENÃÃO Ã VIDA S/A;SP;437671437.48;4290896.00;19347320,51;102
AMEPLAN ASSISTÃNCIA MÃDICA PLANEJADA LTDA;SP;437584344.59;9724097.00;11602467,40;45
UNIMED PETROPOLIS-RJ COOPERATIVA DE TRABALHO MÃDICO;RJ;435945534.62;8383568.00;22543733,02;52
SAUDE PAS - MEDICINA E ODONTO;RS;435011058.27;10116540.00;24614258,51;43
SERMED-SAÃDE LTDA.;SP;434957129.51;6041071.00;22126159,77;72
IRMANDADE DA SANTA CASA DE MISERICÃRDIA DE PIRACICABA;SP;431025557.37;8979699.00;26309100,90;48
UNIMED PELOTAS/RS - COOPERATIVA DE ASSISTÃNCIA Ã SAÃDE LTDA.;RS;430798100.39;7062264.00;24483989,20;61
UNIMED DE ARACATUBA - COOPERATIVA DE TRABALHO MÃDICO;SP;430555656.55;4532165.00;15111008,46;95
UNIMED COSTA OESTE - COOPERATIVA DE TRABALHO MÃDICO;PR;428839981.67;4929195.00;21378950,85;87
UNIMED TEOFILO OTONI COOPERATIVA DE TRABALHO MÃDICO;MG;423571388.57;6417748.00;15735092,39;66
UNIMED DE LIMEIRA COOPERATIVA DE TRABALHO MÃDICO;SP;422833040.47;6819888.00;27114215,79;62
UNIMED NOROESTE/RS - SOCIEDADE COOPERATIVA DE ASSISTÃNCIA Ã SAÃDE LTDA.;RS;422396630.03;7969748.00;24814030,07;53
SÃO LUCAS SAÃDE S/A;SP;408999493.11;8891293.00;26006918,04;46
UNIMED PLANALTO MÃDIO/RS - COOPERATIVA DE ASSISTÃNCIA Ã SAÃDE LTDA.;RS;408802357.45;6928854.00;19578476,06;59
MÃTUA DOS MAGISTRADOS DO ESTADO DO RIO DE JANEIRO;RJ;406567350.02;12320220.00;23691368,57;33
CABERJ INTEGRAL SAÃDE S.A;RJ;404348346.02;4301578.00;15698412,61;94
UNIMED NOROESTE CAPIXABA COOPERATIVA DE TRABALHO MÃDICO.;ES;403319405.09;6301866.00;21385097,82;64
MED-TOUR ADMINISTRADORA DE BENEFÃCIOS E EMPREENDIMENTOS LTDA.;SP;397697261.22;6118419.00;17651800,62;65
BENEFICENCIA CAMILIANA DO SUL;SP;394872116.63;11613890.00;23053040,84;34
SELECT OPERADORA DE PLANO DE SAUDE LTDA;GO;384311193.74;6513749.00;15238276,80;59
UNIMED PALMAS COOPERATIVA DE TRABALHO MÃDICO;TO;382634446.46;6272696.00;15674328,87;61
UNIMED METROPOLITANA DO AGRESTE - COOPERATIVA DE TRABALHO MÃDICO;AL;373048274.70;6908301.00;17182113,02;54
ECONOMUS INSTITUTO DE SEGURIDADE SOCIAL;SP;358207954.52;6284350.00;14778193,74;57
UNIMED MARANHÃO DO SUL - COOPERATIVA DE TRABALHO MÃDICO;MA;356704635.90;5945077.00;20375305,38;60
UNIMED VARGINHA COOPERATIVA DE TRABALHO MÃDICO;MG;352863351.49;4969906.00;15397331,41;71
UNIMED DE OURINHOS - COOPERATIVA DE TRABALHO MÃDICO;SP;352785347.61;7055707.00;22106429,94;50
HBC SAÃDE LTDA.;SP;340788843.04;5409347.00;15524448,81;63
UNIHOSP SAÃDE LTDA;SP;339034708.19;10273780.00;24267873,90;33
UNIMED GUARAPUAVA COOPERATIVA DE TRABALHO MÃDICO;PR;338841830.50;4578944.00;12788926,15;74
CAIXA DE ASSISTENCIA A SAUDE DA UNIVERSIDADE;MG;338237613.40;7516391.00;18594799,83;45
UNIMED ENCOSTA DA SERRA/RS SOCIEDADE COOPERATIVA DE SERVIÃOS DE SAÃDE LTDA.;RS;337142012.52;5351461.00;17019535,30;63
OPERADORA UNIESTE DE PLANOS DE SAÃDE LTDA;RJ;336961717.59;8640044.00;22071850,69;39
UNIMED REGIONAL JAU - COOPERATIVA DE TRABALHO MÃDICO;SP;334600836.74;3156612.00;15275977,19;106
UNIMED COSTA DO DESCOBRIMENTO COOPERATIVA DE TRABALHO MÃDICO;BA;333862496.37;5564375.00;16699317,10;60
SIM - CAIXA DE ASSISTÃNCIA Ã SAÃDE;SC;332118365.94;5726179.00;16070366,96;58
METLIFE PLANOS ODONTOLÃGICOS LTDA.;SP;330903175.36;11030110.00;19346724,81;30
UNIMED REGIONAL DE CAMPO MOURÃO COOP TRAB MEDICO;PR;330775395.40;7517623.00;21275879,56;44
UNIMED ARARUAMA COOPERATIVA DE TRABALHO MÃDICO LTDA;RJ;330330180.00;6477062.00;17506236,78;51
UNIMED DE RIO CLARO SP COOPERATIVA DE TRABALHO MEDICO;SP;328401882.00;4498656.00;19977460,12;73
FUNDAÃÃO AFFEMG DE ASSISTÃNCIA E SAÃDE - FUNDAFFEMG;MG;326200371.36;9884860.00;28629560,79;33
UNIMED CENTRO OESTE PAULISTA - FEDERAÃÃO INTRAFEDERATIVA DAS COOPERATIVAS MÃDICAS;SP;324890827.81;8549759.00;22055839,28;38
UNIMED SAÃDE E ODONTO S.A;SP;323848587.93;9813594.00;18183032,83;33
UNIMED BARRA DO GARÃAS - COOPERATIVA DE TRABALHO MÃDICO;MT;321895597.58;4126867.00;12687897,78;78
ASSOCIAÃÃO DA SANTA CASA SAÃDE DE RIBEIRÃO PRETO;SP;320629095.29;4715134.00;14109827,82;68
ASSOCIAÃÃO ADVENTISTA NORTE BRASILEIRA DE PREVENÃÃO E ASSISTÃNCIA A SAÃDE;PA;315713212.03;8308242.00;20173141,24;38
SAÃDE BRB - CAIXA DE ASSISTÃNCIA;DF;314828306.48;4919192.00;13305187,24;64
PLANO DE SAÃDE DA SANTA CASA DE BRAGANÃA PAULISTA;SP;309843491.10;6592415.00;23490031,64;47
FUNDAÃAO COMPESA DE PREVIDENCIA E ASSISTENCIA - COMPESAPREV;PE;308645645.30;4676449.00;14163481,39;66
CENTRAL REGIONAL DAS COOPERATIVAS MÃDICAS - UNIMED CERRADO;GO;306095910.08;6001881.00;14077284,18;51
UNIMED CONSELHEIRO LAFAIETE COOPERATIVA DE TRABALHO MÃDICO LTDA;MG;304099705.08;4985241.00;14713278,10;61
UNIMED VALE DO AÃO COOPERATIVA DE TRABALHO MÃDICO;MG;303684147.66;7991688.00;14241625,50;38
LUMINAR SAÃDE - ASSOCIAÃÃO DE ASSISTÃNCIA Ã SAÃDE;DF;299267672.51;3649606.00;9380097,75;82
UNIMED NORDESTE PAULISTA - FED. INTRAFEDERATIVA DAS COOP. MÃDICAS;SP;294894943.95;3829804.00;10659414,25;77
UNIMED DO CARIRI - SOCIEDADE COOPERATIVA MÃDICA LTDA;CE;293758252.74;10491370.00;25843115,65;28
UNIMED NORTE CAPIXABA- COOPERATIVA DE TRABALHO MÃDICO;ES;291701204.90;5029331.00;15703968,15;58
POLICLIN SAÃDE S/A.;SP;290096236.10;4085862.00;17444633,49;71
FEDERAÃÃO DAS SOCIEDADES COOPERATIVAS DE TRABALHO MÃDICO DO ACRE, AMAPÃ, AMAZONAS, PARÃ, RONDONIA E RORAIMA;AM;288724095.59;19248270.00;39898315,06;15
ASSOCIAÃÃO PADRE ALBINO SAÃDE;SP;285444694.98;5097227.00;13065315,74;56
UNIMED DE CATANDUVA - COOPERATIVA DE TRABALHO MÃDICO;SP;283288283.61;4884281.00;14438235,70;58
GOCARE PLANOS DE SAUDE LTDA;SP;282618213.21;5046754.00;9222861,61;56
UNIMED LITORAL SUL/RS - COOPERATIVA DE ASSISTÃNCIA Ã SAÃDE LTDA.;RS;282611851.18;4790031.00;13770924,08;59
ASSOCIAÃÃO BENEFICENTE DE ASSISTÃNCIA A SAÃDE DOS JUÃZES DO TRABALHO DA 15Âª REGIÃO (ABAS 15);SP;281698169.28;4856865.00;13723788,15;58
UNIMED EXTREMO SUL COOPERATIVA DE TRABALHO MÃDICO;BA;277715838.09;5667670.00;14842649,74;49
ASSOCIAÃÃO SANTA CASA SAÃDE DE ARAÃATUBA;SP;277209812.02;4544423.00;10435275,01;61
UNIMED DE BRUSQUE COOPERATIVA DE TRABALHO MÃDICO;SC;276415572.86;5118807.00;11660465,12;54
UNIMED INCONFIDENTES COOPERATIVA DE TRABALHO MÃDICO LTDA.;MG;275778253.79;3628661.00;12519812,71;76
UNIMED NORTE FLUMINENSE COOPERATIVA DE TRABALHO MEDICO;RJ;275438146.87;4748934.00;13153921,84;58
UNIMED DE PARANAVAÃ COOPERATIVA DE TRABALHO MÃDICO;PR;275096243.38;4232250.00;11590616,08;65
UNIODONTO DE CAMPINAS COOPERATIVA ODONTOLÃGICA;SP;275044675.94;8334687.00;15421937,81;33
UNIMED VALE DO CAÃ/RS - COOPERATIVA DE ASSISTÃNCIA Ã SAÃDE LTDA.;RS;275033471.30;4297398.00;14724387,72;64
UNIMED CURVELO COOPERATIVA DE TRABALHO MÃDICO LTDA.;MG;272931379.68;4788270.00;13314502,02;57
IRMANDADE SANTA CASA DE MISERICÃRDIA DE MARINGÃ;PR;272124182.72;4774108.00;16310418,98;57
UNIMED DE ASSIS COOPERATIVA DE TRABALHO MÃDICO;SP;268883201.92;3734489.00;12820884,07;72
ASSOCIAÃÃO SÃO FRANCISCO VIDA;SP;268458228.26;5263887.00;15376133,46;51
AGROS - INSTITUTO UFV DE SEGURIDADE SOCIAL;MG;268215929.13;3311308.00;9373837,24;81
SISTEMAS E PLANOS DE SAÃDE LTDA.;SP;265917581.70;6331371.00;9119083,22;42
CAIXA ASSISTENCIAL E BENEFICENTE DOS FUNCIONÃRIOS DA ACARESC;SC;264015864.72;3567782.00;11362080,49;74
UNIMED JOÃO MONLEVADE COOPERATIVA DE TRABALHO MÃDICO LTDA.;MG;262864106.71;3982789.00;9812771,85;66
UNIMED DE PARANAGUÃ COOPERATIVA DE TRABALHO MÃDICO;PR;262727611.21;4307010.00;12607373,83;61
ASSOCIAÃÃO BENEFICENTE DOS PROFESSORES PÃBLICOS ATIVOS E INATIVOS DO RIO DE JANEIRO - APPAI;RJ;259825074.12;5413022.00;13555847,06;48
FUNDAÃÃO DE SEGURIDADE SOCIAL DA ARCELORMITTAL BRASIL - FUNSSEST;ES;253293962.01;6494717.00;14064316,65;39
ASSOCIAÃAO DOS FUNCIONARIOS PUBLICOS DO ESTADO DO RIO GRANDE DO SUL;RS;252677612.55;3948088.00;10934900,65;64
UNIMED DE BARRA MANSA SOC. COOP. SERV.MED.E HOSPIT.;RJ;248067536.45;6050428.00;16405200,85;41
UNIMED FRANCISCO BELTRAO COOPERATIVA DE TRABALHO MEDICO;PR;247661289.03;3810174.00;10596130,25;65
CENTRO HOSPITALAR ATIBAIA LTDA.;SP;247021463.69;6175537.00;17090648,80;40
UNIMED ITABIRA COOPERATIVA DE TRABALHO MÃDICO;MG;246834591.26;4113910.00;9581159,87;60
UNIMED OESTE DO PARÃ - COOPERATIVA DE TRABALHO MÃDICO;PA;242275314.44;8354321.00;14180520,67;29
NOVA SAÃDE OPERADORA INTEGRADA DE SAÃDE LTDA;RJ;242214806.06;7339843.00;11902986,32;33
CAIXA DE ASSISTÃNCIA DOS EMPREGADOS DO SISTEMA FINANCEIRO BANESTES;ES;241549178.78;4645177.00;9997549,03;52
SUL AMÃRICA ODONTOLÃGICO S/A;SP;240298061.80;3080744.00;8586125,09;78
UNIMED REGIONAL SUL GOIAS COOP. DE TRABALHO MÃDICO LTDA;GO;239903724.12;3932848.00;11177091,09;61
UNIMED APUCARANA COOPERATIVA DE TRABALHO MÃDICO;PR;238703301.89;3788941.00;10827434,05;63
UNIMED-RIO COOPERATIVA DE TRABALHO MEDICO DO RIO DE JANEIRO;RJ;237661029.51;21605550.00;32321271,47;11
UNIMED POÃOS DE CALDAS - SOC. COOP. DE TRAB. E SERVIÃOS MÃDICOS;MG;237609338.82;3168125.00;11380888,99;75
BIO SAÃDE SERVIÃOS MÃDICOS LTDA;SP;237465410.24;4240454.00;5132298,04;56
AMESC - ASSOCIAÃÃO MÃDICA ESPÃRITA CRISTÃ;RJ;237273531.68;3541396.00;12281843,55;67
SAÃDE SANTA TEREZA LTDA.;SP;235949981.91;3630000.00;11233162,71;65
UNIMED OESTE DO PARANA - COOPERATIVA DE TRABALHO MEDICO;PR;235865934.66;4367888.00;11920093,58;54
UNIMED SÃO JOÃO DEL REI - COOPERATIVA DE TRABALHO MÃDICO;MG;235470634.82;3462803.00;9696294,05;68
CAIXA DE ASSISTÃNCIA DOS EMPREGADOS DA SANEAGO;GO;233644489.62;4028353.00;11082332,50;58
UNIMED DE SÃO ROQUE - COOPERATIVA DE TRABALHO MÃDICO;SP;231778814.73;3679029.00;12926155,88;63
ESMALE ASSISTENCIA INTERNACIONAL DE SAUDE LTDA.;AL;227616102.86;6897458.00;11510502,88;33
SANTA CASA DE MAUÃ SAÃDE;SP;226993925.75;6134971.00;14281615,32;37
OESTE SAÃDE ASSISTÃNCIA A SAÃDE SUPLEMENTAR S.A;SP;226591007.58;4275302.00;10265121,89;53
CAIXA DE ASSISTÃNCIA Ã SAÃDE DOS SERVIDORES PÃBLICOS DO ESTADO DO MATO GROSSO DO SUL;MS;225361791.65;4252109.00;11677254,53;53
SAMI ASSISTÃNCIA MÃDICA LTDA;SP;223996825.59;4765890.00;11852702,41;47
ELOSAÃDE - ASSOCIAÃÃO DE ASSISTÃNCIA Ã SAÃDE;SC;223383750.73;2978450.00;10290771,81;75
PARANA ASSISTENCIA MEDICA LTDA;PR;222140140.72;3219422.00;8202304,14;69
IRMANDADE DA SANTA CASA DE MISERICÃRDIA DE RIO CLARO;SP;221813051.79;5545326.00;16772643,87;40
UNIMED PARÃ DE MINAS COOPERATIVA DE TRABALHO MÃDICO LTDA.;MG;221221567.28;3072522.00;9734276,11;72
UNIMED FRONTEIRA NOROESTE/RS - COOPERATIVA DE ASSISTÃNCIA Ã SAÃDE LTDA.;RS;218821045.31;2701494.00;8811042,04;81
UNIMED RESENDE COOPERATIVA DE TRABALHO MÃDICO;RJ;216757565.71;4423624.00;15298816,81;49
UNIMED DE JABOTICABAL COOP. DE TRABALHO MÃDICO;SP;216077407.21;2700968.00;10470118,74;80
UNIMED OS BANDEIRANTES COOPERATIVA DE TRABALHO MÃDICO;SP;215560451.49;3316315.00;9377601,81;65
UNIMED MISSÃES/RS - COOPERATIVA DE ASSISTÃNCIA Ã SAÃDE LTDA.;RS;214797827.19;3640641.00;12606856,33;59
ASSOCIAÃÃO DOS SERVIDORES FISCAIS DO ESTADO DA BAHIA;BA;213356775.17;7902103.00;18520367,31;27
ASSISTÃNCIA MÃDICA SÃO MIGUEL LTDA;SP;209991733.81;7241094.00;15035520,93;29
VIVACOM PLANOS DE SAÃDE;GO;209818114.29;2590347.00;8188593,21;81
UNIMED DE CATALÃO COOPERATIVA DE TRABALHO MÃDICO;GO;208297239.67;4339526.00;10215143,82;48
UNIMED ARAGUARI COOPERATIVA DE TRABALHO MÃDICO;MG;207091966.68;3137757.00;8996535,78;66
UNIMED DE CAÃAPAVA - COOPERATIVA DE TRABALHO MEDICO;SP;203165432.21;4955254.00;11607071,77;41
SAÃDE BRASIL ASSISTÃNCIA MÃDICA LTDA.;SP;202992443.81;4412879.00;5987848,74;46
GARANTIA DE SAÃDE LTDA;SP;201104173.74;3528143.00;10672468,52;57
UNIMED VALE DAS ANTAS, RS - COOPERATIVA DE ASSISTÃNCIA Ã SAÃDE LTDA.;RS;199728720.58;2699037.00;6727101,94;74
ASSOCIAÃÃO DE ASSISTÃNCIA Ã SAÃDE DA AMAGIS;MG;198686348.31;3895811.00;9879688,48;51
UNIMED ARAXÃ COOPERATIVA DE TRABALHO MÃDICO LTDA.;MG;195959147.36;3321341.00;9505467,61;59
ASSOCIAÃÃO POLICIAL DE ASSISTÃNCIA Ã SAÃDE;SP;195500113.05;1312081.00;3632694,64;149
OPERADORA UNICENTRAL DE PLANOS DE SAÃDE LTDA.;SP;195103289.58;3613024.00;11573716,53;54
UNIMED BARBACENA - COOPERATIVA DE TRABALHO MÃDICO LTDA;MG;194534404.24;3970090.00;10335625,26;49
UNIMED NOROESTE DO PARANÃ COOP DE TRABALHO MÃDICO .;PR;194001807.01;3660411.00;9235436,30;53
UNIMED CENTRO SUL FLUMINENSE COOPERATIVA DE TRABALHO MÃDICO;RJ;193431471.18;3947581.00;11432660,00;49
FUNDACAO LEONOR DE BARROS CAMARGO;SP;191158975.09;3475618.00;9015456,65;55
UNIMED DE LENÃOIS PAULISTA - COOPERATIVA DE TRABALHO MÃDICO;SP;188859773.66;2818803.00;8936914,77;67
UNIMED CABO FRIO COOPERATIVA TRABALHO MÃDICO LTDA.;RJ;188820492.07;2622507.00;7442812,77;72
UNIMED ERECHIM - COOPERATIVA DE SERVIÃOS DE SAÃDE LTDA.;RS;187801908.64;2889260.00;9566321,01;65
PRONTOMED PLANOS DE SAÃDE LTDA;MG;187353501.75;2602132.00;6457605,08;72
UNIMED ALTO VALE - COOPERATIVA DE TRABALHO MÃDICO;SC;186445678.71;2913214.00;9173196,77;64
UNIMED EXTREMO OESTE CATARINENSE COOPERATIVA DE TRABALHO MÃDICO;SC;184915000.87;2982500.00;8169801,47;62
ASSOCIAÃÃO DE SAÃDE DO VALE;SC;184381932.14;3073032.00;7276107,66;60
UNIMED CENTRO PAULISTA - FEDERAÃÃO INTRAFEDERATIVA DAS COOPERATIVAS MÃDICAS;SP;184300882.04;5265739.00;11216969,38;35
HOSPITAIS E CLÃNICAS DO PIAUÃ S/S LTDA;PI;183723098.07;4082736.00;9406569,75;45
UNIMED DE GUARATINGUETA-COOPERATIVA DE TRABALHO MÃDICO;SP;183597935.89;2740268.00;7907452,94;67
CAIXA DE ASSISTÃNCIA DOS SERVIDORES FAZENDÃRIOS ESTADUAIS;CE;182827876.30;7313115.00;17075621,80;25
UNIMED ITAJUBA COOPERATIVA DE TRABALHO MEDICO;MG;179394783.87;3587896.00;12208043,28;50
TEMPO MED PLANO DE SAUDE LTDA;SC;178701421.97;5764562.00;12726222,90;31
UNIMED NORTE PIONEIRO - COOPERATIVA DE TRABALHO MÃDICO;PR;177739696.36;2777183.00;8081322,80;64
DENTAL UNI - COOPERATIVA ODONTOLÃGICA;PR;177429495.88;7392896.00;12199370,18;24
UNIMED DE LINS - COOPERATIVA DE TRABALHOS MÃDICOS;SP;176501400.83;2353352.00;8179478,05;75
CAIXA ASSISTENCIAL UNIVERSITÃRIA DO RIO GRANDE DO NORTE;RN;176357982.33;3674125.00;9528123,71;48
CAIXA DE ASSISTÃNCIA Ã SAUDE DOS EMPREGADOS DA CODEVASF - CASEC;DF;174077751.30;2637542.00;7380613,93;66
VITA ASSISTÃNCIA A SAÃDE LTDA.;MG;173120782.65;2404455.00;6296136,43;72
SÃO FRANCISCO ASSISTÃNCIA MÃDICA LTDA;PE;171557378.52;3650157.00;8604268,72;47
UNIMED DE TATUI - COOPERATIVA DE TRABALHO MÃDICO;SP;171222615.71;3003906.00;11037941,65;57
SULMED - ASSISTÃNCIA MÃDICA LTDA;RS;169806517.23;3773478.00;10364151,81;45
FUNDAÃÃO DE SAÃDE ITAIGUAPY;PR;167547281.11;2991916.00;11119168,00;56
UNIMED VERTENTE DO CAPARAÃ - COOPERATIVA DE TRABALHO MÃDICO LTDA;MG;167338933.08;3098869.00;5346393,55;54
UNIMED DE TAUBATÃ COOPERATIVA DE TRABALHO MÃDICO;SP;165498283.35;2507550.00;5559338,18;66
UNIMED MEIO OESTE CATARINENSE COOPERATIVA DE TRABALHO MÃDICO;SC;164826144.62;2943324.00;8014360,75;56
UNIMED NORTE/NORDESTE-FEDERAÃÃO INTERFEDERATIVA DAS SOCIEDADES COOPERATIVAS DE TRABALHO MÃDICO EM RECUPERAÃÃO JUDICIAL;PB;163853919.03;5285610.00;8197404,63;31
UNIMED ALTO DA SERRA - SOCIEDADE COOPERATIVA DE SERVIÃO MÃDICO LTDA.;RS;163665531.57;2975737.00;6721845,24;55
UNIMED GUAXUPÃ COOPERATIVA DE TRABALHO MEDICO;MG;161215840.69;2093712.00;5714554,82;77
ASSOCIAÃÃO DO PLANO DE SAÃDE DA SANTA CASA DE MISERICÃRDIA DE ITABUNA - PLANSUL;BA;159610219.94;2418337.00;7284883,95;66
ASSOCIAÃÃO SAÃDE SÃO JOSÃ;SC;158223285.00;2551988.00;5594937,12;62
ASSOCIAÃÃO DE ASSISTÃNCIA MÃDICO HOSPITALAR DOS MAGISTRADOS DO ESTADO DO PARANÃ;PR;156859861.57;5228662.00;11081983,57;30
UNIMED MURIAÃ COOPERATIVA DE TRABALHO MEDICO LTDA;MG;156499821.87;2898145.00;8686422,11;54
UNIMED COSTA VERDE RJ;RJ;156018626.88;2889234.00;7978428,90;54
UNIMED TRÃS RIOS COOPERATIVA DE TRABALHO MÃDICO;RJ;155894897.27;7086132.00;12434096,79;22
COOPERATIVA DE TRABALHO MEDICO DE ARAGUAÃNA - UNIMED ARAGUAÃNA;TO;153262287.84;1309934.00;4030068,61;117
UNITY SERVIÃOS INTEGRADOS DE SAÃDE LTDA.;DF;152544704.62;3547551.00;6247598,00;43
UNIMED LAVRAS COOPERATIVA DE TRABALHO MÃDICO;MG;150609829.62;2281967.00;7539395,76;66
UNIMED NOROESTE FLUMINENSE - COOPERATIVA DE TRABALHO MÃDICO LTDA;RJ;150220022.72;3196171.00;8197074,24;47
PLADISA PLANOS DE SAÃDE SA;SC;148168191.91;2849388.00;7098543,45;52
AMHE MED ASSISTENCIA A SAUDE LTDA - EPP;SP;146726616.53;3260591.00;9184835,33;45
FUNDAÃÃO LIBERTAS DE SEGURIDADE SOCIAL;MG;146654035.88;2365388.00;7149148,39;62
UNIMED ALTA MOGIANA COOPERATIVA DE TRABALHO MÃDICO;SP;146240346.94;2658915.00;8741029,02;55
IRMANDADE DA SANTA CASA DE MISERICORDIA DE LIMEIRA;SP;146187884.68;4715738.00;13438757,20;31
UNIMED DE IBITINGA COOPERATIVA DE TRABALHO MÃDICO;SP;145592422.66;3235387.00;9398563,75;45
MATÃO CLINICAS & AMHMA SAÃDE LTDA;SP;145125791.32;4031272.00;10767567,36;36
SAMOC S.A. - SOCIEDADE ASSISTENCIAL MÃDICA E ODONTO CIRÃRGICA;RJ;142282275.17;2540755.00;7335641,77;56
UNIMED ITAÃNA COOPERATIVA DE TRABALHO MÃDICO LTDA.;MG;142247650.98;2294317.00;6589576,11;62
UNIMED DE BARRETOS COOPERATIVA DE TRABALHO MÃDICO;SP;142089305.53;3023177.00;6599543,79;47
UNIMED DE SOBRAL SOCIEDADE COOPERATIVA MÃDICA LTDA;CE;141824356.05;3083138.00;9169872,38;46
PLAMED PLANO DE ASSISTENCIA MEDICA LTDA;SE;141524882.93;3011168.00;10036953,71;47
SÃO DOMINGOS SAÃDE- ASSISTÃNCIA MÃDICA  LTDA;SP;141487205.27;2439435.00;6641251,99;58
AMAZÃNIA PLANOS DE SAÃDE LTDA;PA;140964029.29;2517215.00;6967893,84;56
ASSOCIAÃÃO POLICIAL DE ASSISTÃNCIA Ã SAÃDE DE BAURU;SP;139782768.13;2688130.00;6656433,33;52
UNIMED ALTO SÃO FRANCISCO COOPERATIVA DE TRABALHO MÃDICO;MG;139314508.28;1857527.00;4962510,26;75
UNIODONTO DE SÃO JOSÃ DOS CAMPOS COOPERATIVA DE TRABALHO ODONTOLÃGICO;SP;139180087.00;3866114.00;7351046,11;36
UNIMED CAÃADOR COOPERATIVA DE TRABALHO MÃDICO DA REGIÃO DO CONTESTADO;SC;139050975.48;2896895.00;8722855,56;48
UNIMED SUL PAULISTA - COOPERATIVA DE TRABALHO MÃDICO;SP;138364212.52;2128680.00;7806596,20;65
TERRAMAR ADMINISTRADORA DE PLANO DE SAUDE LTDA;BA;137801451.34;3533371.00;4719092,87;39
UNIMED VALE DO JAURU COOPERATIVA DE TRABALHO MÃDICO;MT;137500714.53;1718759.00;5466388,00;80
UNIMED PATROCÃNIO COOPERATIVA DE TRABALHO MÃDICO LTDA.;MG;137181578.00;2286360.00;6067746,00;60
UNIMED DE CIANORTE - COOPERATIVA DE TRABALHO MEDICO;PR;136467291.67;2574855.00;6246492,47;53
UNIMED SÃO LOURENÃO COOPERATIVA DE TRABALHO MÃDICO;MG;136129789.42;2160790.00;6860516,27;63
ASSOCIAÃÃO MAIS SAÃDE SANTA CASA DE SÃO JOÃO DA BOA VISTA;SP;135891472.98;2717829.00;8115743,53;50
ANAFE SAUDE;GO;134588351.76;2492377.00;6208732,56;54
PLANO DE SAUDE ASES LTDA.;RJ;134031154.15;1887763.00;6234265,91;71
UNIMED ITUIUTABA COOPERATIVA TRABALHO MÃDICO LTDA.;MG;133283206.37;3099609.00;8014158,89;43
ELETROS SAÃDE - ASSOCIAÃÃO DE ASSISTÃNCIA Ã SAÃDE;RJ;133157805.29;1824080.00;6417576,53;73
SANTA CASA DE MISERICORDIA DE SAO JOAQUIM DA BARRA;SP;132959858.54;2417452.00;8033559,62;55
CAIXA DE ASSISTÃNCIA AOS MEMBROS DA DEFENSORIA PÃBLICA DO ESTADO DO RIO DE JANEIRO;RJ;132263899.23;3075905.00;6777714,78;43
ASSOCIAÃÃO FUNDO DE PROTEÃÃO Ã SAÃDE;PR;130798373.42;2179973.00;5226745,54;60
PRONTOCLINICA E HOSPITAIS SAO LUCAS S/A;MG;130657812.96;2779953.00;4311065,45;47
BRASILDENTAL OPERADORA DE PLANOS ODONTOLÃGICOS S.A.;SP;130480141.30;4832598.00;8356531,38;27
COOPERATIVA DE TRABALHO MÃDICO DO PLANALTO NORTE DE SANTA CATARINA LTDA;SC;130059113.74;3024631.00;7722102,15;43
PLANO ODONTOLÃGICO DENTALVIDAS LTDA.;SP;129989343.59;7221630.00;11693277,04;18
UNIMED NORTE PAULISTA - COOPERATIVA DE TRABALHO MÃDICO;SP;129590877.09;2817193.00;8121043,14;46
ASSOCIAÃÃO DE SAÃDE DOS FORNECEDORES DE CANA DE PIRACICABA E REGIÃO;SP;129197837.83;2437695.00;9359918,95;53
OPERADORA DE PLANOS PRIVADOS DE SAÃDE - SANTA CASA SAÃDE LTDA;MS;127311362.86;1958636.00;4397889,37;65
ASSOCIAÃÃO DOS SERVIDORES MUNICIPAIS, ESTADUAIS E FEDERAIS DO RIO DE JANEIRO;RJ;126555398.24;2692668.00;4802856,66;47
BEST SENIOR OPERADORA DE SAÃDE LTDA;ES;126522808.34;4362855.00;12430578,32;29
ASSOCIAÃÃO MINEIRA DE ASSISTÃNCIA Ã SAÃDE DOS MEMBROS DO MINISTÃRIO PÃBLICO;MG;124793231.34;20798870.00;17826762,56;6
COOPERATIVA DE TRABALHO MEDICO REGIÃO DO PLANALTO SERRANO;SC;124471525.17;2963608.00;6211835,09;42
UNIMED DE BIRIGUI - COOPERATIVA DE TRABALHO MÃDICO;SP;123164613.95;2323861.00;7070453,27;53
UNIMED REGIONAL DE TRES LAGOAS COOPERATIVA DE TRABALHO MÃDICO;MS;122373031.76;1973759.00;4437530,55;62
UNIMED MARQUES DE VALENÃA COOPERATIVA DE TRABALHO MÃDICO LTDA.;RJ;121094680.29;4657488.00;9747582,24;26
ÃNICA ASSISTENCIA MEDICA LTDA;SP;120905788.59;4030193.00;9438535,46;30
ALLIANZ SAÃDE S/A;SP;120776826.40;3774276.00;4412125,43;32
UNIMED DE AVARÃ COOPERATIVA DE TRABALHO MÃDICO;SP;119370599.10;3617291.00;8122909,75;33
UNIMED DE ANDRADINA - COOPERATIVA DE TRABALHO MÃDICO;SP;118859119.40;1917083.00;5324891,72;62
PREVIDENT ASSISTÃNCIA ODONTOLÃGICA S.A;SP;117792596.46;7852840.00;9123882,31;15
IRMANDADE DE MISERICORDIA DE PORTO FERREIRA;SP;115737076.99;2361981.00;6279889,73;49
UNIMED CATAGUASES COOPERATIVA DE TRABALHO MÃDICO LTDA;MG;113545693.81;1746857.00;4988463,74;65
UNIMED DE CAPIVARI -COOPERATIVA DE TRABALHO MÃDICO;SP;113461029.24;1772829.00;5727945,85;64
INSTITUIÃÃO BENEFICENTE CEL MASSOT - IBCM;RS;113267805.12;2634135.00;9181052,34;43
AMHA SAUDE S/A;SP;113049817.73;3055400.00;9809998,88;37
CAIXA DE ASSISTÃNCIA Ã SAÃDE DO SINDICATO DOS FUNCIONÃRIOS INTEGRANTES DO GRUPO OCUPACIONAL ADMINISTRAÃÃO TRIBUTÃRIA DO ESTADO DE PERNAMBUCO;PE;112927812.18;5377515.00;12131315,87;21
UNIMED VILHENA - COOPERATIVA DE TRABALHO MEDICO LTDA;RO;112407581.84;1938062.00;4848548,38;58
CAIXA DE ASSISTÃNCIA DOS MAGISTRADOS DE PERNAMBUCO;PE;111667207.28;1959074.00;5153799,28;57
CAIXA DE ASSISTÃNCIA DOS EMPREGADOS DO BANEB;BA;111566534.77;4132094.00;4039049,30;27
ASSOCIAÃÃO VALEPARAIBANA DE ASSISTÃNCIA MÃDICA POLICIAL;SP;110425045.62;2693294.00;5044400,96;41
INTERMEDICI PIRACICABA ASSISTENCIA MEDICA LTDA;SP;109165899.36;2322679.00;5735561,51;47
CAIXA DE ASSISTÃNCIA SISTEMA SAÃDE INTEGRAL-SSI SAUDE;RS;108689290.58;2527658.00;6933793,59;43
GS PLANO GLOBAL DE SAÃDE LTDA;RJ;107320848.45;1882822.00;5938268,54;57
UNIMED DE MINEIROS COOPERATIVA DE TRABALHO MÃDICO;GO;106649465.80;1403282.00;4283358,59;76
IRMANDADE DE MISERICÃRDIA DO HOSPITAL DA SANTA CASA DE MONTE ALTO;SP;106628676.42;2011862.00;7344893,58;53
FEDERAÃÃO DAS COOP ODONTOLÃGICAS DO ESTADO DE SANTA CATARINA;SC;105458133.57;2067807.00;4290717,22;51
UNIMED GURUPI COOPERATIVA DE TRABALHO MÃDICO;TO;105367254.42;2066025.00;4475709,37;51
UNIMED ALFENAS COOPERATIVA DE TRABALHO MEDICO;MG;104958073.06;1943668.00;3999117,24;54
UNIMED CARATINGA - COOPERATIVA DE TRABALHO MÃDICO LTDA;MG;104782560.38;1746376.00;4358280,28;60
UNIMED DE LORENA COOPERATIVA DE TRABALHO MÃDICO;SP;104547480.34;2133622.00;5640426,48;49
UNIMED VIÃOSA - COOPERATIVA DE TRABALHO MÃDICO;MG;102644832.38;1832943.00;5281429,90;56
CAIXA DE ASSISTÃNCIA DOS FUNCIONÃRIOS DO BANCO DA AMAZÃNIA - CASF;PA;101728687.46;2543217.00;7822270,28;40
UNIMED PONTAL DO TRIÃNGULO - COOPERATIVA DE TRABALHO MÃDICO;MG;101047227.11;1742194.00;4641721,65;58
ASSOCIAÃÃO DOS FUNCIONÃRIOS DO FISCO DO ESTADO DE GOIÃS;GO;100098791.32;4766609.00;8033831,06;21
UNIMED PLANALTO CENTRAL/RS - COOPERATIVA DE ASSISTÃNCIA  Ã SAÃDE LTDA.;RS;99735020.10;1278654.00;3697102,39;78
UNIMED TRÃS CORAÃÃES COOPERATIVA DE TRABALHO MÃDICO LTDA.;MG;99467457.50;1776205.00;4776117,07;56
AMPARA ASSISTÃNCIA MÃDICA PARAÃSO LTDA;MG;99338245.35;1947809.00;4277508,15;51
UNIMED NOROESTE DE MINAS COOPERATIVA DE TRABALHO MEDICO LTDA;MG;99098412.80;1548413.00;4177862,19;64
ASSOCIAÃÃO PARANAENSE DE ASSISTÃNCIA Ã SAUDE DOS MEMBROS DO MINISTERIO PUBLICO DO PARANÃ;PR;98847047.78;2353501.00;5718191,86;42
UNIMED DE TUPA COOPERATIVA DE TRABALHO MÃDICO;SP;98376073.05;1143908.00;4576994,43;86
SANTA CASA DE MISERICÃRDIA DE VOTUPORANGA;SP;97944254.05;2388884.00;6446373,02;41
UNIODONTO BELÃM - COOPERATIVA DE ASSISTÃNCIA Ã SAÃDE ODONTOLÃGICA;PA;97771593.59;5431755.00;7264538,98;18
ASSOCIAÃÃO SÃO LUIZ SAÃDE;SP;97664812.58;4069367.00;10791081,41;24
UNIMED DE UBA COOPERATIVA DE TRABALHO MEDICO;MG;97530375.46;1741614.00;4832296,35;56
CONFERÃNCIA SÃO JOSÃ DO AVAÃ;RJ;96632948.15;2247278.00;6265895,11;43
UNIMED DE PINDAMONHANGABA - COOPERATIVA TRABALHO MEDICO;SP;95759273.45;2081723.00;5901479,11;46
UNIMED SÃO SEBASTIÃO DO PARAÃSO COOPERATIVA DE TRABALHO MÃDICO;MG;95194864.84;1442346.00;3250608,99;66
LEADER ASSISTÃNCIA MÃDICA E HOSPITALAR LTDA.;SP;93902536.57;3029114.00;8592048,44;31
UNIMED FRUTAL COOPERATIVA DE TRABALHO MEDICO LTDA;MG;93770753.86;1442627.00;3834140,45;65
SF SISTEMAS DE SAÃDE LTDA;SP;92393619.01;2639818.00;4683423,92;35
POLI SAUDE OPERADORA DE PLANO DE SAUDE LTDA;PR;91283398.23;1690433.00;4388246,13;54
IRMANDADE DA SANTA CASA DE MISERICÃRDIA DE PASSOS;MG;89046410.21;2406660.00;7873107,10;37
UNIMED DE PIRASSUNUNGA COOPERATIVA DE TRABALHO MÃDICO;SP;88156737.68;2319914.00;6298023,49;38
ASSOCIAÃÃO DOS AUDITORES FISCAIS DO ESTADO DA PARAÃBA - AFRAFEP;PB;88071266.74;3261899.00;8107986,39;27
UNIMED DE MOCOCA COOPERATIVA DE TRAB. MÃDICO;SP;87594214.46;1327185.00;4960644,08;66
FUNDAÃÃO FILANTRÃPICA E BENEFICENTE DE SAÃDE ARNALDO GAVAZZA FILHO;MG;87404586.60;2300121.00;5548633,45;38
CAIXA DE ASSISTÃNCIA DOS EMPREGADOS DO BANESE;SE;85958896.29;1719178.00;3580527,05;50
UNIMED NORTE DO PARANÃ COOPERATIVA REGIONAL DE TRABALHO MÃDICO;PR;85775061.95;1906112.00;5033754,04;45
UNIMED REGIÃO DA CAMPANHA/RS - COOPERATIVA DE ASSISTÃNCIA Ã SAÃDE LTDA.;RS;85258902.68;1375144.00;3987816,63;62
VIVENTERIS LTDA;PR;85115861.68;2364329.00;2207972,70;36
ASSOCIACAO DOS PROFESSORES UNIVERSITÃRIOS DA BAHIA;BA;84379160.77;1278472.00;3486265,75;66
UNIMED VALE DO PIQUIRI-COOPERATIVA DE TRABALHO MÃDICO VALE DO PIQUIRI;PR;81376140.41;1291685.00;4255066,37;63
SBC SAÃDE LTDA.;SP;81201040.06;1804468.00;4290825,72;45
FUNDAÃÃO DE ASSISTÃNCIA Ã SAÃDE DA ASSOCIAÃÃO DO MINISTÃRIO PÃBLICO DO RIO GRANDE DO SUL;RS;81005683.19;1800126.00;4692420,13;45
UNIODONTO DE FORTALEZA COOPERATIVA DE TRABALHO ODONTOLOGICO LTDA;CE;80142117.18;2428549.00;4648578,16;33
ASSOCIAÃÃO POLICIAL DE ASSISTÃNCIA Ã SAÃDE DE RIBEIRÃO PRETO (APAS);SP;79970538.52;1332842.00;3580069,06;60
UNIX SAÃDE S.A;BA;79597649.10;1447230.00;3125637,24;55
ASSOCIAÃÃO PLANO DE SAÃDE SANTA CASA DE VALINHOS;SP;78768122.88;1712350.00;4391413,96;46
AMEP FREGUESIA OPERADORA DE PLANO DE SAUDE LTDA;RJ;78549844.11;1915850.00;5301871,79;41
PB ASSISTENCIA MEDICA EU LTDA;BA;77626164.20;1617212.00;3183405,23;48
UNIMED LEOPOLDINA COOPERATIVA DE TRABALHO MÃDICO LTDA;MG;77399474.98;1334474.00;4085217,15;58
UNIODONTO/RN - COOPERATIVA ODONTOLOGICA DO RIO GRANDE DO NORTE;RN;77081493.44;2335803.00;3933129,74;33
UNIMED DO OESTE DA BAHIA COOPERATIVA DE TRABALHO MÃDICO;BA;77021259.49;3209219.00;2677266,84;24
MAIS SAÃDE PLANO DE SAÃDE LTDA;GO;76507658.76;6375638.00;12429620,89;12
SOCIEDADE BENEFICENTE DEZOITO DE JULHO;MG;76452852.62;1820306.00;4310391,55;42
UNIODONTO PORTO ALEGRE COOPERATIVA ODONTOLOGICA LTDA;RS;76279343.89;2118871.00;3961093,85;36
PLAMER PLANO MEDICO RESENDE LTDA;RJ;76047405.81;1810653.00;4226395,77;42
UNIMED CACERES COOPERATIVA DE TRABALHO MÃDICO;MT;75813993.65;1430453.00;2654508,94;53
UNIMED DE ADAMANTINA-COOPERATIVA DE TRABALHO MÃDICO;SP;75507718.09;1398291.00;4038341,90;54
UNIODONTO DE SC COOPERATIVA ADMINISTRADORA DE CONTRATOS;SC;75178751.75;1318925.00;3044869,00;57
SEPACO SAÃDE LTDA;SP;74572588.64;1621143.00;2807621,30;46
MAIS SAUDE S/A;ES;74217174.28;2473906.00;4459796,18;30
CARE PLUS ODONTOLOGIA ASSISTENCIAL LTDA.;SP;72963371.91;2515978.00;3502935,07;29
ASSOCIAÃÃO POLICIAL DE ASSISTÃNCIA A SAÃDE DA BAIXADA SANTISTA;SP;72940891.61;1402709.00;3240397,75;52
UNIMED DE DRACENA - COOPERATIVA DE TRABALHO MÃDICO;SP;71296753.37;1131694.00;3535805,50;63
UNIODONTO PIRACICABA - COOPERATIVA ODONTOLÃGICA;SP;70843759.64;2361459.00;4149390,79;30
UNIMED DE JATAÃ COOPERATIVA DE TRABALHO MÃDICO LTDA.;GO;70059821.41;854388.10;1792590,19;82
IRMANDADE DA SANTA CASA DE MISERICÃRDIA E MATERNIDADE DONA ZILDA SALVAGNI;SP;69406796.67;1826495.00;4405275,18;38
UNIMED CALDAS NOVAS - COOPERATIVA DE TRABALHO MEDICO;GO;68528128.41;1671418.00;4026267,49;41
UNIDENTIS ASSISTENCIA ODONTOLOGICA LTDA.;PB;68157977.18;2065393.00;4024055,65;33
ATÃVIA SERVIÃOS DE SAÃDE S/A;SP;67876071.40;2715043.00;5324123,48;25
UNIMED REGIONAL DE FLORIANO - COOPERATIVA DE TRABALHO MÃDICO;PI;67785052.21;1473588.00;3687736,50;46
UNIMED VALE DO CORUMBÃ COOPERATIVA DE TRABALHO MEDICO;GO;67500198.19;1323533.00;3519008,55;51
UNIMED DE REGISTRO COOPERATIVA DE TRABALHO MÃDICO;SP;67479222.09;2249307.00;4695078,33;30
ASSOCIAÃÃO DOS EMPREGADOS DA COMPANHIA ESTADUAL DE HABITAÃÃO E OBRAS PÃBLICAS - ASSEC;SE;67235886.16;3201709.00;5233877,91;21
NACIONAL ODONTO OPERADORA DE PLANOS ODONTOLÃGICOS LTDA.;PE;66974507.57;2029531.00;3310973,76;33
UNIMED DE SAO JOSÃ DO RIO PARDO-COOP. DE TRAB. MÃDICO;SP;66724921.48;1853470.00;5139065,57;36
FUNDACAO CAPITAL PREVIDENCIA E SAUDE - CAPITAL PREV;ES;66687886.96;1515634.00;4239185,46;44
UNIMED TRÃS PONTAS - COOPERATIVA DE TRABALHO MÃDICO;MG;66007949.24;1047745.00;3179852,94;63
TRINO - ALIANCA FILANTRÃPICA DE ASSISTÃNCIA E INTEGRAÃÃO PARA O DESENVOLVIMENTO DA SAUDE;ES;65119005.46;1713658.00;4010543,89;38
ASSOCIAÃÃO SAÃDE CONCEIÃÃO;SC;65092584.87;1276325.00;2820275,45;51
FUNDAÃÃO FIAT SAÃDE E BEM ESTAR;MG;65064537.92;9294934.00;10703477,23;7
UNIMED REGIÃO DA FRONTEIRA - RS COOPERATIVA DE ASSISTÃNCIA Ã SAÃDE LTDA.;RS;64695360.32;1026910.00;3153681,48;63
UNIODONTO MACEIÃ COOPERATIVA ODONTOLÃGICA;AL;64074450.28;4271630.00;5363400,81;15
UNIODONTO REGIONAL COOPERATIVA ODONTOLOGICA;MG;63889158.08;2129639.00;4142526,11;30
AME VVIDA PLANOS DE SAUDE INTEGRADO LTDA.;RO;62417487.39;1486131.00;2878146,94;42
UNIMED SUDOESTE PAULISTA COOPERATIVA DE TRABALHO MÃDICO;SP;62416709.81;1356885.00;3277812,18;46
SV SAUDE ADMINSTRADORES DE PLANO DE SAUDE LTDA;RJ;62242019.40;1518098.00;3782555,85;41
PESSOAL SAÃDE PLANOS DE ASSISTÃNCIA MÃDICA LTDA;SP;61832221.11;2132146.00;3948379,33;29
ADVANCE PLANOS DE SAÃDE LTDA;SP;61672971.48;1581358.00;4145538,99;39
ASSOCIAÃÃO POLICIAL DE ASSISTÃNCIA Ã SAÃDE DE ARAÃATUBA (APAS);SP;61369526.83;1461179.00;3460330,26;42
UNIMED ALTO JACUÃ/RS - COOPERATIVA DE ASSISTÃNCIA Ã SAÃDE LTDA;RS;61056733.73;792944.60;1687726,87;77
EVANGELICO SAUDE LTDA.;PR;61041959.19;1130407.00;2800556,67;54
SOCIEDADE PORTUGUESA DE BENEFICÃNCIA;RS;60840064.65;1014001.00;2336449,14;60
ASSOCIAÃÃO SANTA CASA CLÃNICAS DE BIRIGUI;SP;59138496.83;1159578.00;3404816,30;51
FILOSANITAS SAUDE LTDA;SP;59027263.67;1405411.00;4157921,16;42
UNIMED SUDOESTE DE MINAS COOPERATIVA DE TRABALHO MÃDICO;MG;58526850.64;1361090.00;3916662,11;43
UNIMED DE MONTE ALTO - COOPERATIVA DE TRABALHO MÃDICO;SP;58142062.96;1211293.00;3975346,37;48
SUL DO PARÃ LTDA;PA;57441269.09;1367649.00;1742568,85;42
UNIODONTO GOIANIA COOPERATIVA DE CIRURGIÃES DENTISTAS;GO;56902964.11;2107517.00;4023047,19;27
ASSOCIAÃÃO DOS AUDITORES FISCAIS DA RECEITA ESTADUAL DO RIO DE JANEIRO;RJ;55172372.44;4597698.00;6246818,67;12
FUNASA SAÃDE;PB;54919655.79;1445254.00;2384014,24;38
AURORA SAÃDE LTDA;MG;54882379.39;1055430.00;1901437,96;52
SANTA CASA DE SAÃDE - SCS;ES;54842454.15;1769111.00;2985525,67;31
SANTA CASA DE MISERICÃRDIA E BENEFICÃNCIA PORTUGUESA;SP;54551319.55;1010210.00;2484071,95;54
ODONTO EMPRESAS CONVENIOS DENTARIOS LTDA.;SP;53602929.78;2977941.00;3131261,25;18
ASSOCIAÃÃO FCA SAÃDE;MG;53249616.88;2662481.00;6328820,43;20
ASSOCIAÃÃO GOIANA DO MINISTÃRIO PÃBLICO;GO;52728279.88;941576.40;2719386,71;56
COOPERATIVA DOS USUÃRIOS DE SERVIÃOS DE SAÃDE LTDA.;RS;52680250.77;1032946.00;2897955,06;51
HOSPITAL DE PRONTOCLINICA LTDA.;RS;50323524.71;852941.10;2062177,82;59
UNIMED REGIÃO DA PRODUÃÃO/RS - COOPERATIVA DE ASSISTÃNCIA Ã SAÃDE LTDA;RS;49308304.91;758589.30;2133753,55;65
ON MED ASSISTÃNCIA MÃDICA LTDA;RS;48534821.31;822624.10;1753745,99;59
SANTA CASA DE MISERICORDIA HOSPITAL SÃO VICENTE;SP;47253659.34;926542.30;3161517,69;51
ATITUDE SAÃDE ASSISTÃNCIA MEDICA LTDA;BA;47015482.44;1146719.00;2515431,10;41
UNIMED DE PENAPOLIS - COOPERATIVA DE TRABALHO MEDICO;SP;46901708.69;794944.20;2100056,92;59
UNIMED PATOS - COOPERATIVA DE TRABALHO MÃDICO;PB;46528881.67;788625.10;1953405,52;59
UNIMED MACHADO COOPERATIVA DE TRABALHO MEDICO;MG;46131586.54;981523.10;2218666,23;47
UNIODONTO DE JOÃO PESSOA COOPERATIVA ODONTOLÃGICA;PB;45840459.65;2182879.00;3529959,25;21
DESBAN - FUNDAÃÃO BDMG DE SEGURIDADE SOCIAL;MG;44903167.39;748386.10;2336154,55;60
VIDA TOP MAIS SAÃDE OPERADORA DE PLANOS DE SAÃDE LTDA.;SP;44215464.98;789561.90;1879020,23;56
ASSOCIAÃAO UNISAUDE MARAU;RS;43090089.77;844903.70;1743961,85;51
UNIODONTO DO BRASIL CENTRAL NACIONAL DAS COOPERATIVAS ODONTÃLOGICAS;SP;42365340.41;1176815.00;2282094,70;36
ORALE ASSISTÃNCIA ODONTOLÃGICA LTDA;BA;40756965.68;1235060.00;1685463,73;33
UNIMED PONTE NOVA COOPERATIVA DE TRABALHO MEDICO LTDA;MG;40751943.34;617453.70;1655293,19;66
UNIMED DE CORUMBA COOPERATIVA DE TRABALHO MÃDICO;MS;40718627.41;969491.10;1893969,97;42
ODONTOGROUP SISTEMA DE SAÃDE LTDA.;DF;40632293.68;1504900.00;2906089,03;27
RIO DOCE SAÃDE;ES;40597855.47;796036.40;1954312,70;51
UNIMED SÃO JOÃO NEPOMUCENO COOPERATIVA DE TRABALHO MÃDICO LTDA.;MG;40430368.26;792752.30;2350552,80;51
COOPERATIVA DOS USUÃRIOS DE SERVIÃOS DE SAÃDE DO VALE DO RIO DOS SINOS LTDA;RS;39937339.75;998433.50;2160182,44;40
UNIMED VALE DO CARANGOLA COOPERATIVA DE TRABALHO MEDICO LTDA;MG;39288640.70;727567.40;2099353,12;54
CONFIANÃA ASSISTÃNCIA MÃDICO HOSPITALAR LTDA;MG;38948517.40;885193.60;1419795,80;44
UNIODONTO PAULISTA-FEDERAÃÃO DAS COOPERATIVAS ODONTOLÃGICAS DO ESTADO DE SÃO PAULO;SP;38807755.79;1616990.00;2323834,92;24
CAIXA DE ASSISTÃNCIA DO SINDFISCO - CASSIND;SE;38630529.22;821926.20;2804872,17;47
ASSOCIACAO POLICIAL DE ASSISTENCIA A SAUDE DE PRESIDENTE PRUDENTE (APAS);SP;38614034.78;665759.20;1769087,40;58
MEDGOLD ASSISTENCIA MEDICA LTDA - ME;MG;38019664.31;535488.20;890793,78;71
PLANO ASSISTENCIAL SÃO LUCAS LTDA;MG;36660320.65;531309.00;812606,47;69
TOTAL ASSISTÃNCIA MÃDICA HOSPITALAR LTDA;MG;36511969.53;1106423.00;1811196,80;33
UNIODONTO DE MANAUS - COOPERATIVA ODONTOLÃGICA LTDA.;AM;36315385.37;1210513.00;2335563,29;30
PRIMA VIDA ODONTOLOGIA DE GRUPO LIMITADA;RJ;35617072.62;1424683.00;2156837,30;25
FUNDAÃÃO PLAMHUV - PLANO MÃDICO HOSPITALAR DOS HOSPITAIS UNIDOS DE VIÃOSA;MG;35603768.19;635781.60;1487799,30;56
OPLAN SAÃDE OPERADORA DE PLANO DE SAÃDE LTDA;RJ;35456403.44;668988.70;1349208,30;53
UNIODONTO DE AMERICANA COOPERATIVA ODONTOLÃGICA;SP;35193876.04;1066481.00;1754729,69;33
UNIMED MORRINHOS COOPERATIVA DE TRABALHO MEDICO;GO;34988417.89;945632.90;1985624,42;37
MEDIC GLOBAL PLANOS DE SAÃDE LTDA.;MG;34378984.74;636647.90;989955,35;54
UNIMED REGIONAL DE PICOS - COOPERATIVA DE TRABALHO MÃDICO;PI;32661431.18;1209683.00;2329099,45;27
ASSOCIAÃÃO POLICIAL DE ASSISTÃNCIA A SAÃDE;SP;32646150.12;759212.80;1865533,35;43
SERVDONTO - PLANO DE ASSISTÃNCIA ODONTOLÃGICA LTDA;SE;32371440.76;980952.80;1739491,13;33
ASSOCIAÃÃO BENEFICENTE CATÃLICA;MG;32137126.66;554088.40;1297933,77;58
PORTOMED - PORTO SEGURO SERVIÃOS DE SAUDE LTDA;SP;31992768.54;615245.50;1300782,48;52
UNIODONTO UBERABA - COOPERATIVA DE ASSISTÃNCIA Ã SAÃDE ODONTOLÃGICA LTDA;MG;30839999.29;881142.80;1566208,43;35
UNIMED SOUSA - COOPERATIVA DE TRABALHO MÃDICO;PB;30636664.26;666014.40;1654648,16;46
UNIMED CAMPO BELO- COOPERATIVA DE TRABALHO MÃDICO;MG;30612729.28;478323.90;1025910,03;64
HOSPITAL CESAR LEITE;MG;30538019.62;1131038.00;2059379,28;27
VOCÃ TOTAL PLANOS DE SAÃDE LIMITADA;SP;30004711.61;714397.90;1164696,30;42
CAIXA DE ASSISTÃNCIA Ã SAÃDE DOS TRABALHADORES NAS INDÃSTRIAS METALÃRGICAS, MECÃNICAS E DO MATERIAL ELÃTRICO DE BRUSQUE;SC;29625670.12;630333.40;1441220,45;47
CAIXA ASSISTENCIAL UNIVERSITARIA DO RIO DE JANEIRO;RJ;29060088.41;745130.50;1597888,47;39
SOCIEDADE DE ASSISTÃNCIA MÃDICA - SAMEISA;RS;28803569.61;600074.40;1418193,50;48
ASSOCIACAO POLICIAL DE ASSISTENCIA A SAUDE DE ITAPETININGA;SP;28396870.60;481302.90;1015410,95;59
PRONTO SOCORRO CONDE DE MOREIRA LIMA;SP;28107776.89;493118.90;1125424,61;57
ANGELI SISTEMAS DE SAUDE S.A.;PR;28088590.17;597629.60;1311636,72;47
AME-ASSISTÃNCIA MÃDICA A EMPRESAS LTDA;MG;28057118.63;501020.00;1141980,55;56
R.M.I. OPERADORA DE SAÃDE INTEGRADA LTDA;SP;27786345.36;1389317.00;3318650,20;20
SISTEMA TOTAL DE SAÃDE LTDA.;SP;27213703.57;618493.30;1448248,65;44
HOSPITAL S.P. LTDA.;RS;26935600.44;472554.40;1214926,94;57
ASSOCIAÃÃO DOS FUNCIONÃRIOS FISCAIS DO ESTADO DO AMAZONAS - AFFEAM;AM;26609762.38;1156946.00;2116909,35;23
SEMPRE ODONTO PLANOS ODONTOLOGICOS LTDA;RJ;26593689.98;738713.60;1208046,25;36
UNIMED DE BATATAIS - COOPERATIVA DE TRABALHO MÃDICO;SP;26415891.43;587019.80;958290,92;45
ASSOCIAÃÃO POLICIAL DE ASSISTENCIA Ã SAUDE DE SAO JOAO DA BOA VISTA;SP;25937927.95;498806.30;1305124,44;52
UNIODONTO DE SOROCABA COOPERATIVA ODONTOLÃGICA;SP;24376997.08;1015708.00;1658963,15;24
UNIODONTO DO SUL GOIANO COOPERATIVA ODONTOLOGICA;GO;24326279.35;900973.30;1335147,17;27
UNIODONTO VALE HISTORICO COOPERATIVA ODONTOLOGICA;SP;24291213.62;1619414.00;1627406,47;15
PLAMESC PLANOS DE SAÃDE LTDA;RJ;23830079.79;467256.50;1168777,39;51
DONA SAÃDE CLINICAS LTDA;SP;23636561.27;502905.60;978013,98;47
UNIODONTO DE JUNDIAÃ COOPERATIVA ODONTOLÃGICA;SP;23517403.55;653261.20;1143077,33;36
ASSOCIAÃÃO POLICIAL DE ASSISTÃNCIA Ã SAÃDE - VALE DO RIBEIRA;SP;23348030.09;466960.60;916789,67;50
PD BRASIL ASSISTENCIA ODONTOLOGICA LTDA;MG;22448883.61;680269.20;277097,67;33
SAMIG - SERV. DE ASSISTENCIA MEDICA DA ILHA DO GOVERNADOR LTDA;RJ;22440343.88;467507.20;653444,35;48
COMSEDER - COOPERATIVA DE ASSISTÃNCIA MÃDICA DOS SERVIDORES DA SUPLAN E DO DER LTDA;PB;22353198.82;545200.00;1170994,21;41
CEDPLAN SAÃDE LTDA EPP;MG;22207138.49;370119.00;762440,84;60
ASSOCIACAO DE SAUDE HOLAMBRA;SP;22166913.82;2462990.00;3275165,33;9
PLANO VIDA SAUDE SERVIÃOS ODONTOLOGICOS LTDA;SE;22084478.70;669226.60;1024621,62;33
SANTA CASA DE MISERICÃRDIA DE TUPÃ;SP;21694561.13;570909.50;1283895,60;38
UNIODONTO DE ARARAQUARA COOPERATIVA ODONTOLÃGICA;SP;21289557.15;760341.30;1410207,47;28
PLENUM ASSISTENCIA MEDICA  LTDA;DF;21263242.31;1063162.00;1372854,60;20
UNIODONTO ESPIRITO SANTO COOPERATIVA ODONTOLOGICA;ES;21101001.70;639424.30;1130413,93;33
DENTALPAR ASSISTÃNCIA ODONTOLÃGICA EMPRESARIAL LTDA.;SP;20887090.35;632942.10;1085459,70;33
ASSOCIAÃÃO UNIVIDA SANTA RITA DO PASSA QUATRO;SP;20748383.57;370506.80;1034416,18;56
UNIODONTO MARINGA COOPERATIVA ODONTOLOGICA;PR;20508120.24;976577.20;1309799,83;21
PLANO DE ASSISTÃNCIA MÃDICA MINEIRA LTDA;MG;20272100.85;422335.40;514718,07;48
ODONTOART PLANOS ODONTOLÃGICOS LTDA;CE;20142033.71;1060107.00;1457541,99;19
UNIODONTO DE PRESIDENTE PRUDENTE COOPERATIVA ODONTOLOGICA;SP;19851996.37;551444.30;783886,21;36
CEAM BRASIL - PLANOS DE SAÃDE LTDA;MG;19709577.39;1642465.00;2088493,77;12
COOPERATIVA ODONTOLÃGICA POÃOS DE CALDAS;MG;19211749.91;533659.70;1115240,12;36
S1 OPERADORA DE PLANO DE SAÃDE LTDA;DF;19033093.80;576760.40;1102843,01;33
ASSOCIACAO CIVIL PRÃ-SAÃDE DOS SERVIDORES DA UNIVERSIDADE ESTADUAL DE PONTA GROSSA;PR;18772383.84;605560.80;1390606,32;31
UNIODONTO DE LONDRINA COOP. ODONTOLÃGICA;PR;18396348.00;511009.70;883016,41;36
NOSAMED ASSISTÃNCIA MÃDICA LTDA.;SP;18253003.47;372510.30;941545,09;49
ODONT-OPERADORA ODONTOLOGICA LTDA;SP;17271925.94;719663.60;803056,27;24
DENTAL CENTER LTDA;PB;17143293.28;519493.70;930067,46;33
CAMIM OPERADORA DE PLANO DE SAÃDE LTDA;RJ;17090856.92;712119.00;813552,69;24
VALE PLANOS DE SAÃDE LTDA;PE;17038854.51;567961.80;691511,29;30
FUNDO DE ASSISTÃNCIA MÃDICO-HOSPITALAR DO MINISTÃRIO PÃBLICO;MS;16690638.93;476875.40;1113624,17;35
UNIODONTO JACAREÃ COOPERATIVA ODONTOLÃGICA;SP;16323788.98;370995.20;718612,42;44
UNIODONTO RS FEDERACAO DAS UNIODONTOS DO RGS LTDA;RS;16123937.61;767806.60;786998,14;21
CARING SAÃDE ASSISTÃNCIA MÃDICA LTDA.;RJ;16024558.59;593502.20;1068291,65;27
CAIXA BENEFICENTE DOS FUNCIONÃRIOS DO GRUPO IGUAÃU;PR;15899119.71;418397.90;964724,26;38
SD-M OPERADORA DE PLANOS DE SAUDE LTDA;RJ;15773949.61;463939.70;675213,22;34
COOPERATIVA ODONTOLÃGICA DO ESTADO DO AMAPÃ;AP;15565787.14;1037719.00;1221817,44;15
UNIMED INTRAFEDERATIVA FEDERAÃÃO REGIONAL SUL DE MINAS;MG;15542391.94;304752.80;950215,86;51
ASSOCIAÃÃO POLICIAL DE ASSISTÃNCIA Ã SAÃDE DE BARRETOS;SP;15242257.24;635094.10;1187924,93;24
RODRIGUES LEIRA ODONTOLOGIA LTDA.;SP;14677730.12;458679.10;943332,38;32
ASSOCIAÃÃO POLICIAL DE ASSISTÃNCIA Ã SAÃDE DE DRACENA;SP;14583762.76;520848.70;873819,24;28
AESP ODONTO ASSISTÃNCIA ODONTOLÃGICA S/S LTDA EPP;SP;14454143.85;688292.60;1184776,45;21
ASSOCIAÃÃO POLICIAL DE ASSISTÃNCIA Ã SAÃDE DE JAÃ;SP;14076050.94;246948.30;481226,76;57
ASSOCIAÃÃO POLICIAL DE ASSISTÃNCIA Ã SAÃDE DE PRESIDENTE VENCESLAU;SP;14040037.08;501429.90;884451,28;28
UNIODONTO DE PINDAMONHANGABA COOP ODONTOLOGICA;SP;13686659.40;380185.00;506270,67;36
ASSOCIAÃÃO SAÃDE RURAL ALEGRETE;RS;13511138.21;281482.00;555345,33;48
BENEFICENCIA SOCIAL BOM SAMARITANO;MG;13168027.09;258196.60;458261,49;51
ASSOCIAÃÃO DO FISCO DE ALAGOAS;AL;13163759.36;387169.40;985071,77;34
TELOS - FUNDAÃÃO EMBRATEL DE SEGURIDADE SOCIAL;RJ;13135282.51;1459476.00;2125073,92;9
PERSONAL CARE OPERADORA DE SAÃDE SA;SP;13072996.62;726277.60;1650436,83;18
DENTAL PLUS CONVÃNIO ODONTOLÃGICO LTDA.;SP;12963867.19;480143.20;775210,14;27
UNIODONTO DE SERTAOZINHO SP COOPERATIVA ODONTOLOGICA;SP;12736922.70;578951.00;828258,16;22
ASSOCIAÃÃO HOSPITAL SAÃDE DE VARGEM GRANDE DO SUL;SP;12434598.82;828973.30;1094082,39;15
ÃNIX OPERADORA DE PLANOS DE SAÃDE LTDA;RJ;12103686.12;417368.50;437582,88;29
DENTAL MASTER LTDA - EPP;AL;12078103.36;2013017.00;808164,21;6
PRESERVE SAUDE ASSISTENCIA MEDICA LTDA;BA;12006138.15;222335.90;624195,98;54
CAIXA DE ASSISTÃNCIA DOS EMPREGADOS DO SETOR PÃBLICO DO ESTADO DE GOIÃS - CAEME;GO;11831513.22;246489.90;577771,69;48
SANTA CASA DE MISERICÃRDIA E ASILO DOS POBRES DE BATATAIS;SP;11769230.93;210164.80;472129,64;56
ODONTOLIVE OPERADORA DE PLANOS ODONTOLÃGICOS LTDA.;SP;11518538.44;349046.60;769315,73;33
ASSOCIAÃÃO POLICIAL DE ASSISTÃNCIA Ã SAÃDE APAS;SP;11507125.96;273979.20;530662,78;42
DENTAL GOLD ASSISTÃNCIA ODONTOLÃGICA LTDA.;PB;11468799.62;764586.60;939991,44;15
HSMED SAUDE LTDA;RJ;11060449.28;245787.80;517732,32;45
ASSOCIAÃÃO SERVIÃOS ODONTOLÃGICOS DA INDÃSTRIA DE MINAS GERAIS - ODONTOINDUSTRIA;MG;10916577.61;727771.80;614527,68;15
CAIXA SEGURADORA ESPECIALIZADA EM SAÃDE S/A;SP;10910499.56;351951.60;651579,16;31
ASSOCIACAO DOS SERVIDORES DA EMDAGRO - ASSEM;SE;10901877.93;259568.50;590409,21;42
ASSOCIAÃÃO POLICIAL DE ASSISTENCIA A SAUDE DE BOTUCATU;SP;10752759.09;346863.20;703459,00;31
ASSOCIAÃÃO DOS SERVIDORES PÃBLICOS DA ADMINISTRAÃÃO DIRETA DO GOVERNO DO ESTADO DO PARÃ - ASPARÃ;PA;10738844.36;1342356.00;1479122,11;8
MH VIDA - OPERADORA DE PLANOS DE SAÃDE LTDA;RJ;10512691.48;172339.20;429886,32;61
SALUSMED OPERADORA DE PLANOS DE SAUDE LTDA;SP;9801648.53;326721.60;486741,11;30
COOPERATIVA DE TRABALHO ODONTOLOGICO - UNIODONTO ITAJUBÃ;MG;9636091.10;642406.10;733676,69;15
UNIMED CAJAZEIRAS - SOCIEDADE COOPERATIVA DE TRABALHO MÃDICO;PB;9290823.25;251103.30;595185,40;37
YOU ASSISTÃNCIA MÃDICA LTDA.;MG;9281332.49;1325905.00;1478984,61;7
PORTO DIAS SAUDE LTDA.;PA;8735896.84;291196.60;462242,68;30
ASSOC DE ASSIST Ã SAÃDE DOS SERV DAS UNIV E INST FED, EST E/OU FAC PART EM PE;PE;8654706.91;288490.20;455500,73;30
UNIMED VALE DO URUCUIA - COOPERATIVA DE TRABALHO MEDICO LTDA;MG;8569145.72;1071143.00;1242529,33;8
UNIODONTO DE MATO GROSSO COOP TRAB ODONTOLOGICO LTDA;MT;8482362.01;326244.70;433737,62;26
SANTA CASA DA MISERICÃRDIA DE SÃO JOÃO DEL REI;MG;7846402.97;163466.70;200539,33;48
ASSOCIAÃÃO PADRE PIO PLANOS DE SAÃDE;SP;7491431.66;192088.00;406948,93;39
PREVENT SENIOR CORPORATE OPERADORA DE SAÃDE LTDA.;SP;7437110.82;225367.00;366992,61;33
PLANO DE ASSISTÃNCIA ODONTOLÃGICA FAUCHARD LTDA. ME;BA;7390618.53;821179.80;673703,30;9
BLUZZ SAÃDE S/A;ES;7367483.92;216690.70;258210,24;34
QUALIDONTO - QUALIDADE EM ODONTOLOGIA LTDA;BA;7247802.13;805311.30;611373,18;9
UNIVIDA USA OPERADORA EM SAUDE S/A;SP;6759967.30;563330.60;626229,05;12
CENTRO DE ENDOCRINOLOGIA DE JUNDIAÃ S/S LTDA;SP;6472067.44;174920.70;367432,46;37
FUNDO DE ASSISTÃNCIA Ã SAÃDE DOS FUNCIONÃRIOS DO BEC;CE;6204011.08;101705.10;352936,31;61
ASSOCIAÃÃO DOS FISCAIS DE TRIBUTOS ESTADUAIS DO RS - AFISVEC;RS;6087473.78;320393.40;431168,23;19
CROWN ODONTOLOGIA DE GRUPO LTDA;SP;6037132.19;215611.90;256199,08;28
ODONTO SEG OPERADORA DE PLANOS ODONTOLOGICOS S.A.;SP;5837708.05;389180.50;460035,97;15
NOVODENTE S/A;RS;5246972.12;476997.50;564628,50;11
HEALTH-MED SISTEMA DE SAUDE LTDA;RJ;5037386.96;186569.90;332537,50;27
SORRIDEN CONVÃNIOS ODONTOLÃGICOS S.A.;SP;4926260.53;328417.40;267947,24;15
BIORAL SISTEMA ODONTOLÃGICO LTDA.;SP;4536608.10;189025.30;283777,04;24
SAME-SERVIÃO DE ASSISTÃNCIA MÃDICA EMPRESARIAL LTDA.;MA;4495234.34;249735.20;248239,24;18
ODILE SERVIÃOS DE SAÃDE LTDA.;SP;4451019.81;370918.30;249169,78;12
HOSPITAL DE CARIDADE SÃO VICENTE DE PAULO;PR;4246172.56;283078.20;222512,97;15
PLAMEDH - PLANO DE ASSISTÃNCIA MÃDICO-HOSPITALAR LTDA;MG;4169913.08;138997.10;124730,75;30
SMART CARE SISTEMAS MÃDICOS E ODONTOLÃGICOS LTDA.;SP;4133658.62;413365.90;297301,20;10
ALMA ODONTO OPERADORA DE PLANOS ODONTOLOGICOS LTDA;SP;3947678.23;263178.50;149175,21;15
SISTEMA PREVSAUDE DENTAL LTDA;CE;3935190.63;437243.40;348161,42;9
QUALICORP ADMINISTRADORA DE BENEFÃCIOS S.A.;SP;3879567.41;1939784.00;1873537,81;2
INNOVA PLANO DE SAUDE LTDA;RO;3756570.26;187828.50;293225,30;20
INFINITY SAÃDE SUPLEMENTAR LTDA;MT;3704690.69;88206.92;136874,77;42
UNIMED VALE DO PARAÃBA - FEDERAÃÃO INTRAFEDERATIVA DAS COOPERATIVAS MÃDICAS;SP;3168422.67;211228.20;129296,95;15
CASA DE SAÃDE NOSSA SENHORA DE FÃTIMA  LTDA.;CE;2723303.92;151294.70;236454,33;18
BRASIL ODONTO OPERADORA DE PLANOS ODONTOLÃGICOS LTDA;TO;2671364.02;296818.20;214985,04;9
INTERCLINICAS PLANO VIDA USA OPERADORA DE SAUDE LTDA;SP;2525507.57;114795.80;167421,20;22
UNIMED FEDERAÃAO DO ESTADO DO MATO GROSSO;MT;2403328.77;160221.90;28946,66;15
MEDHEALTH PLANOS DE SAÃDE LTDA;PR;2316562.90;121924.40;322397,93;19
G & M ASSESSORIA MEDICA EMPRESARIAL LTDA;RJ;2203466.97;81609.89;79411,78;27
PLANO SIGMA SAÃDE LTDA;SP;2162934.50;270366.80;113160,63;8
ODONTO PRIME S/S LTDA;CE;2043987.15;227109.70;163011,02;9
BEMSTAR ASSISTENCIA MEDICA LTDA;BA;2030839.49;59730.57;69990,59;34
EXCELÃNCIA PLANO DE SAÃDE S/A;ES;1912229.24;53117.48;151256,26;36
POLIMÃDICA SAÃDE SOCIEDADE SIMPLES LTDA;RS;1862413.02;54776.85;87889,14;34
SAUDIA ASSISTENCIA MÃDICA LTDA;MG;1489033.63;42543.82;64035,40;35
UNIMED ALTO PARANAIBA COOPERATIVA DE TRABALHO MEDICO;MG;1437671.02;95844.73;60743,04;15
EVO SAUDE ASSISTENCIA MEDICA LTDA;DF;768412.64;32017.19;39732,40;24
ASSISTÃNCIA MÃDICA 12 DE OUTUBRO LTDA;SP;745165.41;82796.16;124867,96;9
LIVRI OPERADORA DE PLANO DE SAÃDE LTDA;SP;648658.26;54054.86;36068,37;12
CLÃNICA SÃO GABRIEL S/S LTDA;SP;573147.50;18488.63;26903,59;31
PLURAL GESTÃO EM PLANOS DE SAÃDE LTDA;RJ;478569.42;159523.10;120726,00;3
SAGRADA SAÃDE ASSISTÃNCIA MÃDICA LTDA;MG;314976.29;10861.25;13323,43;29
UNIMED PARAIBA - FEDERAÃAO DAS SOCIEDADES COOPERATIVAS DE TRABALHO MEDICO;PB;191068.36;4549.25;8882,76;42
SOCIODONTO PLANO DE ASSISTÃNCIA ODONTOLÃGICA LTDA;MG;130318.16;21719.69;24624,72;6
SAUDE SALV ASSISTENCIA MEDICA LTDA;RO;74622.41;8291.38;9695,87;9
VITTA SAUDE ADMINISTRADORA DE BENEFICIOS LTDA.;SP;53132.41;26566.20;2207,51;2
CENTRAL OPERADORA DE PLANOS DE SAÃDE NORTE-NORDESTE LTDA;PB;14344.38;2390.73;2385,35;6
ARL ADMINISTRADORA DE BENEFÃCIOS LTDA.;SP;5680.00;2840.00;0,00;2
MAXIMED PLANOS DE SAUDE LTDA;RJ;1.00;1.00;0,00;1
